chain_symbol,expiration_date,strike_price,option_type,side,order_created_at,direction,order_quantity,order_type,opening_strategy,closing_strategy,price,processed_quantity
AI,2023-06-02,27.5000,call,buy,2023-05-23T19:45:02.532034Z,debit,2.00000,limit,long_call,,2.40000000,2.00000
CVNA,2023-06-02,12.5000,call,buy,2023-05-23T19:43:56.236809Z,debit,11.00000,limit,long_call,,0.98000000,11.00000
NVDA,2023-06-02,295.0000,put,buy,2023-05-23T19:37:49.351602Z,debit,1.00000,limit,long_put,,6.35000000,1.00000
NVDA,2023-06-02,297.5000,put,sell,2023-05-23T19:37:13.910134Z,credit,1.00000,limit,,long_put,7.20000000,1.00000
AI,2023-06-09,37.0000,call,buy,2023-05-22T19:58:47.186824Z,debit,1.00000,limit,long_call,,0.75000000,1.00000
NVDA,2023-06-02,297.5000,put,buy,2023-05-22T19:57:58.353222Z,debit,1.00000,limit,long_put,,6.40000000,1.00000
NVDA,2023-06-02,335.0000,call,buy,2023-05-22T19:54:17.265669Z,debit,2.00000,limit,long_call,,4.70000000,2.00000
NVDA,2023-05-26,305.0000,put,sell,2023-05-22T19:52:10.720133Z,credit,1.00000,limit,,long_put,7.50000000,1.00000
AI,2023-05-26,24.0000,put,buy,2023-05-22T19:48:37.896153Z,debit,7.00000,limit,long_put,,0.20000000,7.00000
AI,2023-06-02,30.0000,call,sell,2023-05-22T19:47:17.363251Z,credit,11.00000,limit,,long_call,1.70000000,11.00000
AI,2023-06-02,30.0000,call,buy,2023-05-22T18:04:22.211905Z,debit,11.00000,limit,long_call,,1.65000000,11.00000
AI,2023-06-02,29.0000,call,sell,2023-05-22T17:23:39.792318Z,credit,15.00000,limit,,long_call,1.70000000,15.00000
AI,2023-06-02,29.0000,call,buy,2023-05-19T19:52:41.275029Z,debit,5.00000,limit,long_call,,1.20000000,5.00000
AI,2023-05-26,24.0000,put,buy,2023-05-19T19:51:59.821117Z,debit,7.00000,limit,long_put,,0.90000000,7.00000
AI,2023-05-26,25.0000,put,sell,2023-05-19T19:36:43.538156Z,credit,6.00000,limit,,long_put,1.35000000,6.00000
NVDA,2023-05-26,305.0000,put,buy,2023-05-18T19:50:56.711587Z,debit,1.00000,limit,long_put,,7.05000000,1.00000
NVDA,2023-06-02,285.0000,put,sell,2023-05-18T19:50:00.650821Z,credit,1.00000,limit,,long_put,3.20000000,1.00000
NVDA,2023-06-02,335.0000,call,buy,2023-05-18T19:49:46.820474Z,debit,2.00000,limit,long_call,,7.25000000,2.00000
AI,2023-05-26,25.0000,put,buy,2023-05-18T19:39:07.549295Z,debit,6.00000,limit,long_put,,1.00000000,6.00000
AI,2023-06-02,29.0000,call,buy,2023-05-18T19:38:42.806882Z,debit,10.00000,limit,long_call,,1.85000000,10.00000
AMD,2023-07-21,115.0000,call,sell,2023-05-18T19:34:39.107189Z,credit,3.00000,limit,,long_call,4.80000000,3.00000
NVDA,2023-06-02,310.0000,call,sell,2023-05-18T19:34:28.138477Z,credit,2.00000,limit,,long_call,17.60000000,2.00000
NVDA,2023-06-02,310.0000,call,buy,2023-05-17T19:53:05.238318Z,debit,2.00000,limit,long_call,,9.65000000,2.00000
NVDA,2023-06-02,285.0000,put,buy,2023-05-17T19:47:13.359338Z,debit,1.00000,limit,long_put,,6.30000000,1.00000
NVDA,2023-05-26,300.0000,call,sell,2023-05-17T19:44:47.296405Z,credit,1.00000,limit,,long_call,12.50000000,1.00000
NVDA,2023-05-26,272.5000,put,sell,2023-05-17T19:38:15.572613Z,credit,1.00000,limit,,long_put,2.47000000,1.00000
AMD,2023-06-16,95.0000,put,sell,2023-05-17T15:02:18.010101Z,credit,2.00000,limit,,long_put,2.32000000,2.00000
NVDA,2023-05-26,250.0000,put,sell,2023-05-17T15:01:52.826947Z,credit,3.00000,limit,,long_put,0.65000000,3.00000
NVDA,2023-05-26,272.5000,put,buy,2023-05-16T19:39:58.019446Z,debit,1.00000,limit,long_put,,4.50000000,1.00000
AMD,2023-06-16,95.0000,put,buy,2023-05-16T19:38:24.426415Z,debit,1.00000,limit,long_put,,2.33000000,1.00000
AMD,2023-07-21,115.0000,call,buy,2023-05-16T19:38:09.219346Z,debit,3.00000,limit,long_call,,3.70000000,3.00000
NVDA,2023-05-26,300.0000,call,buy,2023-05-16T19:34:46.760569Z,debit,1.00000,limit,long_call,,9.40000000,1.00000
NVDA,2023-05-26,292.5000,call,sell,2023-05-16T19:31:49.280470Z,credit,2.00000,limit,,long_call,12.90000000,2.00000
AMD,2023-07-21,105.0000,call,sell,2023-05-16T19:21:14.058372Z,credit,6.00000,limit,,long_call,6.40000000,6.00000
NVDA,2023-05-26,250.0000,put,buy,2023-05-15T19:58:35.050649Z,debit,3.00000,limit,long_put,,1.34000000,3.00000
NVDA,2023-05-19,280.0000,put,sell,2023-05-15T19:27:12.358843Z,credit,2.00000,limit,,long_put,1.10000000,2.00000
AMD,2023-07-21,105.0000,call,buy,2023-05-12T19:48:34.899957Z,debit,2.00000,limit,long_call,,3.55000000,2.00000
NVDA,2023-05-19,280.0000,put,buy,2023-05-12T19:47:38.911254Z,debit,2.00000,limit,long_put,,3.45000000,2.00000
NVDA,2023-05-26,272.5000,put,sell,2023-05-12T18:50:50.877220Z,credit,1.00000,limit,,long_put,8.05000000,1.00000
AMD,2023-06-16,95.0000,put,buy,2023-05-09T19:49:02.023355Z,debit,1.00000,limit,long_put,,5.10000000,1.00000
NVDA,2023-05-26,272.5000,put,buy,2023-05-09T19:48:25.171597Z,debit,1.00000,limit,long_put,,7.40000000,1.00000
AMD,2023-07-21,105.0000,call,buy,2023-05-09T19:32:06.770017Z,debit,4.00000,limit,long_call,,3.90000000,4.00000
NVDA,2023-05-26,292.5000,call,buy,2023-05-09T19:28:49.577550Z,debit,2.00000,limit,long_call,,10.85000000,2.00000
AAPL,2023-05-12,172.5000,call,sell,2023-05-05T17:18:14.024017Z,credit,5.00000,limit,,long_call,2.65000000,5.00000
SNOW,2023-05-05,155.0000,put,sell,2023-05-05T16:52:25.903734Z,credit,1.00000,limit,,straddle,1.63000000,1.00000
SNOW,2023-05-05,155.0000,call,sell,2023-05-05T16:52:25.903734Z,credit,1.00000,limit,,straddle,1.63000000,1.00000
AAPL,2023-05-12,172.5000,call,buy,2023-05-04T19:39:55.795563Z,debit,1.00000,limit,long_call,,1.72000000,1.00000
AAPL,2023-05-12,160.0000,put,buy,2023-05-04T19:39:28.359829Z,debit,2.00000,limit,long_put,,2.02000000,2.00000
SNOW,2023-05-05,155.0000,put,buy,2023-05-04T17:19:40.502194Z,debit,1.00000,limit,straddle,,4.20000000,1.00000
SNOW,2023-05-05,155.0000,call,buy,2023-05-04T17:19:40.502194Z,debit,1.00000,limit,straddle,,4.20000000,1.00000
NVDA,2023-05-05,277.5000,put,sell,2023-05-04T14:46:08.049394Z,credit,3.00000,limit,,long_put,4.65000000,3.00000
ETSY,2023-05-05,99.0000,put,sell,2023-05-03T19:33:25.093610Z,credit,1.00000,limit,,straddle,10.80000000,1.00000
ETSY,2023-05-05,99.0000,call,sell,2023-05-03T19:33:25.093610Z,credit,1.00000,limit,,straddle,10.80000000,1.00000
NVDA,2023-05-26,305.0000,call,sell,2023-05-03T15:41:14.002512Z,credit,3.00000,limit,,long_call,4.45000000,3.00000
ETSY,2023-05-05,99.0000,call,buy,2023-05-02T19:56:24.329097Z,debit,1.00000,limit,straddle,,10.80000000,1.00000
ETSY,2023-05-05,99.0000,put,buy,2023-05-02T19:56:24.329097Z,debit,1.00000,limit,straddle,,10.80000000,1.00000
NVDA,2023-05-05,277.5000,put,buy,2023-05-02T19:43:05.860012Z,debit,3.00000,limit,long_put,,2.93000000,3.00000
NVDA,2023-05-05,280.0000,put,sell,2023-05-02T15:43:24.427645Z,credit,2.00000,limit,,long_put,3.40000000,2.00000
NVDA,2023-05-05,280.0000,put,buy,2023-05-01T19:58:24.791156Z,debit,2.00000,limit,long_put,,1.81000000,2.00000
NVDA,2023-05-26,305.0000,call,buy,2023-05-01T19:55:41.304794Z,debit,3.00000,limit,long_call,,8.55000000,3.00000
NVDA,2023-05-26,295.0000,call,sell,2023-05-01T19:39:40.323304Z,credit,3.00000,limit,,long_call,12.20000000,3.00000
NVDA,2023-05-26,270.0000,call,sell,2023-05-01T19:39:21.083819Z,credit,1.00000,limit,,long_call,26.40000000,1.00000
NVDA,2023-05-26,295.0000,call,buy,2023-04-28T14:31:31.459338Z,debit,3.00000,limit,long_call,,6.40000000,3.00000
SNAP,2023-04-28,10.0000,put,sell,2023-04-28T14:22:32.419477Z,credit,5.00000,limit,,straddle,1.47000000,5.00000
SNAP,2023-04-28,10.0000,call,sell,2023-04-28T14:22:32.419477Z,credit,5.00000,limit,,straddle,1.47000000,5.00000
AMZN,2023-05-05,113.0000,call,sell,2023-04-28T14:21:27.757382Z,credit,5.00000,limit,,long_call,0.32000000,5.00000
AAPL,2023-05-12,172.5000,call,buy,2023-04-28T14:20:55.456022Z,debit,4.00000,limit,long_call,,2.62000000,4.00000
SPOT,2023-04-28,138.0000,call,sell,2023-04-28T14:18:15.819503Z,credit,3.00000,limit,,straddle,6.40000000,3.00000
SPOT,2023-04-28,138.0000,put,sell,2023-04-28T14:18:15.819503Z,credit,3.00000,limit,,straddle,6.40000000,3.00000
AMZN,2023-05-05,113.0000,call,buy,2023-04-27T17:20:00.645157Z,credit,1.00000,limit,long_call,long_call,0.40000000,1.00000
AMZN,2023-05-05,112.0000,call,sell,2023-04-27T17:20:00.645157Z,credit,1.00000,limit,long_call,long_call,0.40000000,1.00000
AMZN,2023-05-05,113.0000,call,buy,2023-04-27T16:45:27.111770Z,debit,4.00000,limit,long_call,,3.30000000,4.00000
NVDA,2023-05-26,270.0000,call,sell,2023-04-27T16:44:22.786072Z,credit,1.00000,limit,,long_call,14.30000000,1.00000
AMZN,2023-05-05,112.0000,call,buy,2023-04-27T16:42:22.826870Z,debit,1.00000,limit,long_call,,3.70000000,1.00000
ROKU,2023-04-28,59.0000,call,sell,2023-04-27T16:41:51.203048Z,credit,1.00000,limit,,straddle,2.10000000,1.00000
ROKU,2023-04-28,59.0000,put,sell,2023-04-27T16:41:51.203048Z,credit,1.00000,limit,,straddle,2.10000000,1.00000
NVDA,2023-05-26,270.0000,call,buy,2023-04-27T15:34:48.577904Z,debit,2.00000,limit,long_call,,14.20000000,2.00000
SNAP,2023-04-28,10.0000,call,buy,2023-04-27T04:35:27.292742Z,debit,5.00000,limit,straddle,,1.86000000,5.00000
SNAP,2023-04-28,10.0000,put,buy,2023-04-27T04:35:27.292742Z,debit,5.00000,limit,straddle,,1.86000000,5.00000
MSFT,2023-04-28,280.0000,call,buy,2023-04-26T19:33:38.319424Z,debit,2.00000,limit,,short_call_spread,9.33000000,2.00000
MSFT,2023-04-28,290.0000,call,sell,2023-04-26T19:33:38.319424Z,debit,2.00000,limit,,short_call_spread,9.33000000,2.00000
ROKU,2023-04-28,59.0000,put,buy,2023-04-26T06:46:19.421764Z,debit,1.00000,limit,straddle,,7.38000000,1.00000
ROKU,2023-04-28,59.0000,call,buy,2023-04-26T06:46:19.421764Z,debit,1.00000,limit,straddle,,7.38000000,1.00000
SPOT,2023-04-28,138.0000,call,buy,2023-04-25T19:55:12.442401Z,debit,3.00000,limit,straddle,,4.48000000,3.00000
SPOT,2023-04-28,138.0000,put,buy,2023-04-25T19:55:12.442401Z,debit,3.00000,limit,straddle,,4.48000000,3.00000
AAPL,2023-04-28,157.5000,put,sell,2023-04-25T19:48:15.426168Z,debit,5.00000,limit,,short_put_spread,3.67000000,5.00000
AAPL,2023-04-28,167.5000,put,buy,2023-04-25T19:48:15.426168Z,debit,5.00000,limit,,short_put_spread,3.67000000,5.00000
MSFT,2023-04-28,280.0000,call,sell,2023-04-25T19:44:53.218778Z,credit,2.00000,limit,short_call_spread,,2.83000000,2.00000
MSFT,2023-04-28,290.0000,call,buy,2023-04-25T19:44:53.218778Z,credit,2.00000,limit,short_call_spread,,2.83000000,2.00000
AMZN,2023-04-28,110.0000,call,buy,2023-04-25T18:52:07.642270Z,debit,2.00000,limit,,short_call_spread,0.79000000,2.00000
AMZN,2023-04-28,115.0000,call,sell,2023-04-25T18:52:07.642270Z,debit,2.00000,limit,,short_call_spread,0.79000000,2.00000
AMZN,2023-04-28,110.0000,call,sell,2023-04-21T19:44:10.032376Z,credit,2.00000,limit,short_call_spread,,1.47000000,2.00000
AMZN,2023-04-28,115.0000,call,buy,2023-04-21T19:44:10.032376Z,credit,2.00000,limit,short_call_spread,,1.47000000,2.00000
NVDA,2023-04-28,285.0000,call,sell,2023-04-21T19:42:16.821217Z,debit,2.00000,limit,,short_call_spread,2.36000000,2.00000
NVDA,2023-04-28,275.0000,call,buy,2023-04-21T19:42:16.821217Z,debit,2.00000,limit,,short_call_spread,2.36000000,2.00000
NVDA,2023-04-21,277.5000,put,buy,2023-04-21T19:32:53.763326Z,debit,8.00000,limit,,short_put_spread,7.45000000,8.00000
NVDA,2023-04-21,267.5000,put,sell,2023-04-21T19:32:53.763326Z,debit,8.00000,limit,,short_put_spread,7.45000000,8.00000
NVDA,2023-04-28,285.0000,call,buy,2023-04-20T19:53:38.653364Z,credit,2.00000,limit,short_call_spread,,2.81000000,2.00000
NVDA,2023-04-28,275.0000,call,sell,2023-04-20T19:53:38.653364Z,credit,2.00000,limit,short_call_spread,,2.81000000,2.00000
NVDA,2023-04-21,277.5000,put,sell,2023-04-20T15:42:50.776276Z,credit,2.00000,limit,short_put_spread,,2.69000000,2.00000
NVDA,2023-04-21,267.5000,put,buy,2023-04-20T15:42:50.776276Z,credit,2.00000,limit,short_put_spread,,2.69000000,2.00000
NVDA,2023-04-21,280.0000,call,buy,2023-04-20T15:31:35.985367Z,debit,3.00000,limit,,short_call_spread,0.93000000,3.00000
NVDA,2023-04-21,290.0000,call,sell,2023-04-20T15:31:35.985367Z,debit,3.00000,limit,,short_call_spread,0.93000000,3.00000
AAPL,2023-04-28,157.5000,put,buy,2023-04-20T14:27:13.665504Z,credit,5.00000,limit,short_put_spread,,2.07000000,5.00000
AAPL,2023-04-28,167.5000,put,sell,2023-04-20T14:27:13.665504Z,credit,5.00000,limit,short_put_spread,,2.07000000,5.00000
NVDA,2023-04-21,277.5000,put,sell,2023-04-19T19:49:20.567960Z,credit,6.00000,limit,short_put_spread,,1.85000000,6.00000
NVDA,2023-04-21,267.5000,put,buy,2023-04-19T19:49:20.567960Z,credit,6.00000,limit,short_put_spread,,1.85000000,6.00000
NVDA,2023-04-21,277.5000,put,buy,2023-04-19T19:46:36.649557Z,debit,8.00000,limit,,short_put_spread,1.90000000,8.00000
NVDA,2023-04-21,267.5000,put,sell,2023-04-19T19:46:36.649557Z,debit,8.00000,limit,,short_put_spread,1.90000000,8.00000
NVDA,2023-04-21,280.0000,call,sell,2023-04-18T19:57:56.912280Z,credit,1.00000,limit,short_call_spread,,2.00000000,1.00000
NVDA,2023-04-21,290.0000,call,buy,2023-04-18T19:57:56.912280Z,credit,1.00000,limit,short_call_spread,,2.00000000,1.00000
NVDA,2023-04-21,277.5000,put,sell,2023-04-18T19:57:42.226935Z,credit,2.00000,limit,short_put_spread,,3.26000000,2.00000
NVDA,2023-04-21,267.5000,put,buy,2023-04-18T19:57:42.226935Z,credit,2.00000,limit,short_put_spread,,3.26000000,2.00000
NVDA,2023-04-21,280.0000,call,sell,2023-04-18T19:38:54.780603Z,credit,2.00000,limit,short_call_spread,,1.85000000,2.00000
NVDA,2023-04-21,290.0000,call,buy,2023-04-18T19:38:54.780603Z,credit,2.00000,limit,short_call_spread,,1.85000000,2.00000
NVDA,2023-04-21,272.5000,call,buy,2023-04-18T19:29:37.629214Z,debit,5.00000,limit,,short_call_spread,3.43000000,5.00000
NVDA,2023-04-21,280.0000,call,sell,2023-04-18T19:29:37.629214Z,debit,5.00000,limit,,short_call_spread,3.43000000,5.00000
NVDA,2023-04-21,277.5000,put,sell,2023-04-18T15:02:38.273586Z,credit,6.00000,limit,short_put_spread,,2.60000000,6.00000
NVDA,2023-04-21,267.5000,put,buy,2023-04-18T15:02:38.273586Z,credit,6.00000,limit,short_put_spread,,2.60000000,6.00000
NVDA,2023-04-21,265.0000,put,buy,2023-04-18T14:30:59.496083Z,debit,4.00000,limit,,short_put_spread,0.63000000,4.00000
NVDA,2023-04-21,255.0000,put,sell,2023-04-18T14:30:59.496083Z,debit,4.00000,limit,,short_put_spread,0.63000000,4.00000
NVDA,2023-04-21,255.0000,put,buy,2023-04-17T19:52:26.416468Z,credit,4.00000,limit,short_put_spread,,1.74000000,4.00000
NVDA,2023-04-21,265.0000,put,sell,2023-04-17T19:52:26.416468Z,credit,4.00000,limit,short_put_spread,,1.74000000,4.00000
NVDA,2023-04-21,272.5000,call,sell,2023-04-14T19:44:58.128629Z,credit,5.00000,limit,short_call_spread,,1.90000000,5.00000
NVDA,2023-04-21,280.0000,call,buy,2023-04-14T19:44:58.128629Z,credit,5.00000,limit,short_call_spread,,1.90000000,5.00000
NVDA,2023-04-14,270.0000,call,buy,2023-04-14T14:49:31.249535Z,debit,10.00000,limit,,short_call_spread,0.16000000,10.00000
NVDA,2023-04-14,275.0000,call,sell,2023-04-14T14:49:31.249535Z,debit,10.00000,limit,,short_call_spread,0.16000000,10.00000
NVDA,2023-04-14,275.0000,call,buy,2023-04-13T19:46:22.368907Z,credit,10.00000,limit,short_call_spread,,0.55000000,10.00000
NVDA,2023-04-14,270.0000,call,sell,2023-04-13T19:46:22.368907Z,credit,10.00000,limit,short_call_spread,,0.55000000,10.00000
NVDA,2023-04-14,265.0000,put,buy,2023-04-13T19:41:33.753089Z,debit,7.00000,limit,,short_put_spread,1.39000000,7.00000
NVDA,2023-04-14,257.5000,put,sell,2023-04-13T19:41:33.753089Z,debit,7.00000,limit,,short_put_spread,1.39000000,7.00000
NVDA,2023-04-14,280.0000,call,sell,2023-04-13T19:36:10.499797Z,debit,6.00000,limit,,short_call_spread,0.69000000,6.00000
NVDA,2023-04-14,270.0000,call,buy,2023-04-13T19:36:10.499797Z,debit,6.00000,limit,,short_call_spread,0.69000000,6.00000
NVDA,2023-04-14,265.0000,put,sell,2023-04-13T14:24:13.771418Z,credit,7.00000,limit,short_put_spread,,1.26000000,7.00000
NVDA,2023-04-14,257.5000,put,buy,2023-04-13T14:24:13.771418Z,credit,7.00000,limit,short_put_spread,,1.26000000,7.00000
NVDA,2023-05-05,285.0000,call,sell,2023-04-13T00:54:11.779854Z,credit,2.00000,limit,,long_call,4.05000000,2.00000
NVDA,2023-04-14,280.0000,call,buy,2023-04-12T19:35:04.898959Z,credit,6.00000,limit,short_call_spread,,1.27000000,6.00000
NVDA,2023-04-14,270.0000,call,sell,2023-04-12T19:35:04.898959Z,credit,6.00000,limit,short_call_spread,,1.27000000,6.00000
NVDA,2023-04-14,277.5000,call,buy,2023-04-12T15:44:51.172199Z,debit,4.00000,limit,,short_call_spread,0.44000000,4.00000
NVDA,2023-04-14,287.5000,call,sell,2023-04-12T15:44:51.172199Z,debit,4.00000,limit,,short_call_spread,0.44000000,4.00000
NVDA,2023-04-14,277.5000,call,sell,2023-04-11T19:50:26.306821Z,credit,4.00000,limit,short_call_spread,,1.70000000,4.00000
NVDA,2023-04-14,287.5000,call,buy,2023-04-11T19:50:26.306821Z,credit,4.00000,limit,short_call_spread,,1.70000000,4.00000
NVDA,2023-04-14,280.0000,call,buy,2023-04-10T15:16:42.890913Z,debit,1.00000,limit,,short_call,2.73000000,1.00000
NVDA,2023-04-14,270.0000,call,buy,2023-04-10T14:50:55.321600Z,debit,4.00000,limit,,short_call_spread,2.55000000,4.00000
NVDA,2023-04-14,275.0000,call,sell,2023-04-10T14:50:55.321600Z,debit,4.00000,limit,,short_call_spread,2.55000000,4.00000
NVDA,2023-04-14,280.0000,call,buy,2023-04-10T14:50:32.741909Z,debit,1.00000,limit,,short_call,2.12000000,1.00000
AI,2023-04-14,21.0000,put,sell,2023-04-06T19:37:53.581439Z,credit,2.00000,limit,,straddle,3.35000000,2.00000
AI,2023-04-14,21.0000,call,sell,2023-04-06T19:37:53.581439Z,credit,2.00000,limit,,straddle,3.35000000,2.00000
NVDA,2023-04-14,270.0000,call,sell,2023-04-05T19:35:33.536088Z,credit,4.00000,limit,short_call_spread,,1.95000000,4.00000
NVDA,2023-04-14,275.0000,call,buy,2023-04-05T19:35:33.536088Z,credit,4.00000,limit,short_call_spread,,1.95000000,4.00000
AI,2023-04-14,21.0000,put,buy,2023-04-05T19:34:41.195103Z,debit,2.00000,limit,straddle,,3.88000000,2.00000
AI,2023-04-14,21.0000,call,buy,2023-04-05T19:34:41.195103Z,debit,2.00000,limit,straddle,,3.88000000,2.00000
AAPL,2023-04-06,170.0000,call,sell,2023-04-05T17:11:08.837757Z,debit,4.00000,limit,,short_call_spread,0.17000000,4.00000
AAPL,2023-04-06,165.0000,call,buy,2023-04-05T17:11:08.837757Z,debit,4.00000,limit,,short_call_spread,0.17000000,4.00000
NVDA,2023-04-06,275.0000,call,buy,2023-04-05T15:07:10.026517Z,debit,2.00000,limit,,short_call_spread,0.15000000,2.00000
NVDA,2023-04-06,280.0000,call,sell,2023-04-05T15:07:10.026517Z,debit,2.00000,limit,,short_call_spread,0.15000000,2.00000
NVDA,2023-04-28,290.0000,call,sell,2023-04-05T15:04:46.909371Z,credit,2.00000,limit,,long_call,3.05000000,2.00000
NVDA,2023-04-14,280.0000,call,sell,2023-04-04T19:41:11.240892Z,debit,2.00000,limit,custom,,4.75000000,2.00000
NVDA,2023-05-05,285.0000,call,buy,2023-04-04T19:41:11.240892Z,debit,2.00000,limit,custom,,4.75000000,2.00000
NVDA,2023-04-06,275.0000,call,sell,2023-04-04T19:38:11.960312Z,credit,2.00000,limit,short_call_spread,,1.73000000,2.00000
NVDA,2023-04-06,280.0000,call,buy,2023-04-04T19:38:11.960312Z,credit,2.00000,limit,short_call_spread,,1.73000000,2.00000
AAPL,2023-04-06,170.0000,call,buy,2023-03-31T19:51:47.676625Z,credit,4.00000,limit,short_call_spread,,1.12000000,4.00000
AAPL,2023-04-06,165.0000,call,sell,2023-03-31T19:51:47.676625Z,credit,4.00000,limit,short_call_spread,,1.12000000,4.00000
NVDA,2023-04-06,277.5000,put,buy,2023-03-31T19:47:53.974868Z,debit,2.00000,limit,,short_put_spread,3.48000000,2.00000
NVDA,2023-04-06,267.5000,put,sell,2023-03-31T19:47:53.974868Z,debit,2.00000,limit,,short_put_spread,3.48000000,2.00000
AAPL,2023-04-06,155.0000,put,sell,2023-03-31T19:45:35.681417Z,debit,3.00000,limit,,short_put_spread,1.73000000,3.00000
AAPL,2023-04-06,165.0000,put,buy,2023-03-31T19:45:35.681417Z,debit,3.00000,limit,,short_put_spread,1.73000000,3.00000
CVNA,2023-04-06,8.0000,call,sell,2023-03-31T19:44:39.262979Z,credit,3.00000,limit,,long_call,1.64000000,3.00000
CVNA,2023-04-06,8.0000,call,buy,2023-03-30T19:46:27.257562Z,debit,3.00000,limit,long_call,,1.04000000,3.00000
AAPL,2023-04-06,155.0000,put,buy,2023-03-30T19:45:28.349323Z,credit,3.00000,limit,short_put_spread,,3.22000000,3.00000
AAPL,2023-04-06,165.0000,put,sell,2023-03-30T19:45:28.349323Z,credit,3.00000,limit,short_put_spread,,3.22000000,3.00000
NVDA,2023-04-06,277.5000,put,sell,2023-03-30T19:45:08.176696Z,credit,2.00000,limit,short_put_spread,,4.20000000,2.00000
NVDA,2023-04-06,267.5000,put,buy,2023-03-30T19:45:08.176696Z,credit,2.00000,limit,short_put_spread,,4.20000000,2.00000
NVDA,2023-03-31,265.0000,put,sell,2023-03-30T19:40:33.418887Z,debit,2.00000,limit,,short_put_spread,1.22000000,2.00000
NVDA,2023-03-31,272.5000,put,buy,2023-03-30T19:40:33.418887Z,debit,2.00000,limit,,short_put_spread,1.22000000,2.00000
AAPL,2023-03-31,155.0000,put,sell,2023-03-30T19:40:15.016762Z,debit,2.00000,limit,,short_put_spread,2.84000000,2.00000
AAPL,2023-03-31,165.0000,put,buy,2023-03-30T19:40:15.016762Z,debit,2.00000,limit,,short_put_spread,2.84000000,2.00000
NVDA,2023-03-31,265.0000,call,buy,2023-03-29T19:36:49.654878Z,debit,3.00000,limit,,short_call_spread,3.20000000,3.00000
NVDA,2023-03-31,270.0000,call,sell,2023-03-29T19:36:49.654878Z,debit,3.00000,limit,,short_call_spread,3.20000000,3.00000
AAPL,2023-03-31,162.5000,call,sell,2023-03-29T19:35:42.142112Z,debit,3.00000,limit,,short_call_spread,3.17000000,3.00000
AAPL,2023-03-31,157.5000,call,buy,2023-03-29T19:35:42.142112Z,debit,3.00000,limit,,short_call_spread,3.17000000,3.00000
AAPL,2023-03-31,155.0000,put,buy,2023-03-29T16:25:26.197545Z,credit,2.00000,limit,short_put_spread,,4.96000000,2.00000
AAPL,2023-03-31,165.0000,put,sell,2023-03-29T16:25:26.197545Z,credit,2.00000,limit,short_put_spread,,4.96000000,2.00000
NVDA,2023-03-31,265.0000,put,buy,2023-03-29T16:23:13.002580Z,credit,2.00000,limit,short_put_spread,,3.36000000,2.00000
NVDA,2023-03-31,272.5000,put,sell,2023-03-29T16:23:13.002580Z,credit,2.00000,limit,short_put_spread,,3.36000000,2.00000
AAPL,2023-03-31,162.5000,call,buy,2023-03-28T19:44:39.648226Z,credit,3.00000,limit,short_call_spread,,1.38000000,3.00000
AAPL,2023-03-31,157.5000,call,sell,2023-03-28T19:44:39.648226Z,credit,3.00000,limit,short_call_spread,,1.38000000,3.00000
NVDA,2023-03-31,265.0000,call,sell,2023-03-28T16:34:51.762792Z,credit,3.00000,limit,short_call_spread,,1.58000000,3.00000
NVDA,2023-03-31,270.0000,call,buy,2023-03-28T16:34:51.762792Z,credit,3.00000,limit,short_call_spread,,1.58000000,3.00000
NVDA,2023-04-06,295.0000,call,buy,2023-03-27T19:58:23.152572Z,debit,2.00000,limit,,short_call,0.70000000,2.00000
NVDA,2023-04-28,290.0000,call,buy,2023-03-23T13:30:50.620419Z,debit,2.00000,limit,custom,,6.62000000,2.00000
NVDA,2023-04-06,295.0000,call,sell,2023-03-23T13:30:50.620419Z,debit,2.00000,limit,custom,,6.62000000,2.00000
NVDA,2023-03-24,260.0000,put,buy,2023-03-22T19:18:40.797268Z,debit,2.00000,limit,,short_put_spread,0.40000000,2.00000
NVDA,2023-03-24,255.0000,put,sell,2023-03-22T19:18:40.797268Z,debit,2.00000,limit,,short_put_spread,0.40000000,2.00000
NVDA,2023-03-24,260.0000,put,sell,2023-03-21T01:00:46.779558Z,credit,2.00000,limit,short_put_spread,,2.25000000,2.00000
NVDA,2023-03-24,255.0000,put,buy,2023-03-21T01:00:46.779558Z,credit,2.00000,limit,short_put_spread,,2.25000000,2.00000
TSLA,2023-03-17,175.0000,call,buy,2023-03-14T14:23:24.618104Z,debit,2.00000,limit,,short_call_spread,3.30000000,2.00000
TSLA,2023-03-17,180.0000,call,sell,2023-03-14T14:23:24.618104Z,debit,2.00000,limit,,short_call_spread,3.30000000,2.00000
TSLA,2023-03-17,175.0000,call,sell,2023-03-14T02:02:48.353416Z,credit,2.00000,limit,short_call_spread,,2.18000000,2.00000
TSLA,2023-03-17,180.0000,call,buy,2023-03-14T02:02:48.353416Z,credit,2.00000,limit,short_call_spread,,2.18000000,2.00000
TSLA,2023-03-10,202.5000,put,sell,2023-03-03T20:56:30.471373Z,debit,2.00000,limit,,short_put_spread,3.40000000,2.00000
TSLA,2023-03-10,207.5000,put,buy,2023-03-03T20:56:30.471373Z,debit,2.00000,limit,,short_put_spread,3.40000000,2.00000
NVDA,2023-03-10,230.0000,put,sell,2023-03-03T20:37:03.455952Z,debit,2.00000,limit,,short_put_spread,1.70000000,2.00000
NVDA,2023-03-10,235.0000,put,buy,2023-03-03T20:37:03.455952Z,debit,2.00000,limit,,short_put_spread,1.70000000,2.00000
NVDA,2023-03-10,230.0000,put,buy,2023-03-02T20:40:42.403033Z,credit,2.00000,limit,short_put_spread,,2.33000000,2.00000
NVDA,2023-03-10,235.0000,put,sell,2023-03-02T20:40:42.403033Z,credit,2.00000,limit,short_put_spread,,2.33000000,2.00000
AAPL,2023-03-03,147.0000,call,buy,2023-03-01T20:38:13.437477Z,debit,1.00000,limit,,short_call,0.55000000,1.00000
NVDA,2023-03-03,240.0000,call,sell,2023-03-01T15:47:50.799612Z,debit,2.00000,limit,,short_call_spread,0.80000000,2.00000
NVDA,2023-03-03,235.0000,call,buy,2023-03-01T15:47:50.799612Z,debit,2.00000,limit,,short_call_spread,0.80000000,2.00000
TSLA,2023-03-10,207.5000,put,sell,2023-02-28T18:18:41.862734Z,credit,2.00000,limit,short_put_spread,,2.40000000,2.00000
TSLA,2023-03-10,202.5000,put,buy,2023-02-28T18:18:41.862734Z,credit,2.00000,limit,short_put_spread,,2.40000000,2.00000
NVDA,2023-03-03,240.0000,call,buy,2023-02-24T20:47:24.466172Z,credit,2.00000,limit,short_call_spread,,1.85000000,2.00000
NVDA,2023-03-03,235.0000,call,sell,2023-02-24T20:47:24.466172Z,credit,2.00000,limit,short_call_spread,,1.85000000,2.00000
AAPL,2023-03-03,147.0000,call,sell,2023-02-24T20:39:11.495322Z,credit,1.00000,limit,short_call,,1.63000000,1.00000
AAPL,2023-02-24,149.0000,call,buy,2023-02-24T15:22:03.318194Z,debit,1.00000,limit,,short_call,0.06000000,1.00000
NVDA,2023-02-24,240.0000,call,buy,2023-02-24T15:21:45.902707Z,debit,2.00000,limit,,short_call_spread,0.08000000,2.00000
NVDA,2023-02-24,245.0000,call,sell,2023-02-24T15:21:45.902707Z,debit,2.00000,limit,,short_call_spread,0.08000000,2.00000
NVDA,2023-02-24,245.0000,call,buy,2023-02-23T20:49:47.952157Z,credit,2.00000,limit,short_call_spread,,1.31000000,2.00000
NVDA,2023-02-24,240.0000,call,sell,2023-02-23T20:49:47.952157Z,credit,2.00000,limit,short_call_spread,,1.31000000,2.00000
ETSY,2023-02-24,128.0000,put,sell,2023-02-23T17:29:41.976241Z,credit,1.00000,limit,,straddle,4.36000000,1.00000
ETSY,2023-02-24,128.0000,call,sell,2023-02-23T17:29:41.976241Z,credit,1.00000,limit,,straddle,4.36000000,1.00000
ETSY,2023-02-24,128.0000,put,buy,2023-02-22T18:12:09.648466Z,debit,1.00000,limit,straddle,,13.27000000,1.00000
ETSY,2023-02-24,128.0000,call,buy,2023-02-22T18:12:09.648466Z,debit,1.00000,limit,straddle,,13.27000000,1.00000
AAPL,2023-02-24,149.0000,call,sell,2023-02-22T17:13:18.502995Z,credit,1.00000,limit,short_call,,1.04000000,1.00000
AAPL,2023-02-24,152.5000,call,buy,2023-02-22T17:11:17.767654Z,debit,1.00000,limit,,short_call,0.20000000,1.00000
AAPL,2023-02-24,152.5000,call,sell,2023-02-21T18:15:00.528483Z,credit,1.00000,limit,short_call,,0.72000000,1.00000
AAPL,2023-03-03,157.5000,call,buy,2023-02-21T17:53:38.142121Z,debit,1.00000,limit,long_call,,0.49000000,1.00000
AAPL,2023-02-24,155.0000,call,buy,2023-02-21T15:51:42.243117Z,debit,1.00000,limit,,short_call,0.32000000,1.00000
AAPL,2023-02-24,155.0000,call,sell,2023-02-17T15:14:01.080356Z,credit,1.00000,limit,short_call,,1.15000000,1.00000
JMIA,2023-02-17,4.0000,call,sell,2023-02-16T20:42:39.175578Z,credit,5.00000,limit,,straddle,0.34000000,5.00000
JMIA,2023-02-17,4.0000,put,sell,2023-02-16T20:42:39.175578Z,credit,5.00000,limit,,straddle,0.34000000,5.00000
SHOP,2023-02-17,53.0000,put,sell,2023-02-16T20:40:42.006094Z,credit,1.00000,limit,,straddle,7.80000000,1.00000
SHOP,2023-02-17,53.0000,call,sell,2023-02-16T20:40:42.006094Z,credit,1.00000,limit,,straddle,7.80000000,1.00000
Z,2023-02-17,47.0000,call,sell,2023-02-16T20:40:24.091050Z,credit,1.00000,limit,,straddle,1.50000000,1.00000
Z,2023-02-17,47.0000,put,sell,2023-02-16T20:40:24.091050Z,credit,1.00000,limit,,straddle,1.50000000,1.00000
JMIA,2023-02-17,4.0000,call,buy,2023-02-15T20:57:58.810861Z,debit,5.00000,limit,straddle,,0.65000000,5.00000
JMIA,2023-02-17,4.0000,put,buy,2023-02-15T20:57:58.810861Z,debit,5.00000,limit,straddle,,0.65000000,5.00000
SHOP,2023-02-17,53.0000,put,buy,2023-02-15T20:53:52.211984Z,debit,1.00000,limit,straddle,,5.40000000,1.00000
SHOP,2023-02-17,53.0000,call,buy,2023-02-15T20:53:52.211984Z,debit,1.00000,limit,straddle,,5.40000000,1.00000
Z,2023-02-17,47.0000,call,buy,2023-02-15T20:53:28.450419Z,debit,1.00000,limit,straddle,,4.52000000,1.00000
Z,2023-02-17,47.0000,put,buy,2023-02-15T20:53:28.450419Z,debit,1.00000,limit,straddle,,4.52000000,1.00000
AAPL,2023-02-17,157.5000,call,buy,2023-02-14T15:20:45.197249Z,debit,1.00000,limit,,short_call,0.30000000,1.00000
AAPL,2023-02-17,157.5000,call,sell,2023-02-13T20:53:58.866738Z,credit,1.00000,limit,short_call,,1.00000000,1.00000
AAPL,2023-02-10,152.5000,call,buy,2023-02-09T20:42:27.980459Z,debit,2.00000,limit,long_call,,0.41000000,2.00000
AAPL,2023-02-10,150.0000,call,buy,2023-02-09T20:41:40.086082Z,debit,1.00000,limit,,short_call,1.43000000,1.00000
AAPL,2023-02-10,150.0000,call,sell,2023-02-08T16:49:46.960863Z,credit,1.00000,limit,short_call,,2.66000000,1.00000
AAPL,2023-02-10,155.0000,call,buy,2023-02-08T16:43:15.602606Z,debit,1.00000,limit,,short_call,0.50000000,1.00000
AAPL,2023-02-10,155.0000,call,sell,2023-02-06T17:39:19.354991Z,credit,1.00000,limit,short_call,,1.18000000,1.00000
AAPL,2024-03-15,115.0000,call,buy,2023-02-03T15:33:55.811654Z,debit,1.00000,limit,,short_call,50.55000000,1.00000
BILL,2023-02-10,136.0000,call,buy,2023-02-02T18:40:21.668015Z,debit,3.00000,limit,long_call,,10.90000000,3.00000
AAPL,2023-03-03,152.5000,call,sell,2023-02-01T16:53:00.749671Z,credit,1.00000,limit,,long_call,1.67000000,1.00000
AAPL,2023-03-03,152.5000,call,buy,2023-01-27T20:38:16.520009Z,debit,1.00000,limit,long_call,,2.99000000,1.00000
TSLA,2023-02-24,150.0000,put,buy,2023-01-26T20:37:11.963013Z,debit,1.00000,limit,,short_put_spread,1.60000000,1.00000
TSLA,2023-02-24,145.0000,put,sell,2023-01-26T20:37:11.963013Z,debit,1.00000,limit,,short_put_spread,1.60000000,1.00000
TSLA,2023-02-24,150.0000,put,sell,2023-01-25T19:39:38.315590Z,credit,1.00000,limit,short_put_spread,,2.55000000,1.00000
TSLA,2023-02-24,145.0000,put,buy,2023-01-25T19:39:38.315590Z,credit,1.00000,limit,short_put_spread,,2.55000000,1.00000
AAPL,2023-02-24,122.0000,call,sell,2023-01-23T19:36:01.858150Z,credit,1.00000,limit,,long_call,20.45000000,1.00000
AAPL,2023-10-20,110.0000,call,buy,2023-01-23T18:00:05.241800Z,debit,1.00000,limit,short_call,short_call,0.38000000,1.00000
AAPL,2024-03-15,115.0000,call,sell,2023-01-23T18:00:05.241800Z,debit,1.00000,limit,short_call,short_call,0.38000000,1.00000
AAPL,2023-02-24,122.0000,call,buy,2023-01-12T20:49:04.175628Z,debit,1.00000,limit,long_call,,13.75000000,1.00000
AAPL,2023-05-19,105.0000,call,buy,2023-01-12T20:46:58.756229Z,credit,1.00000,limit,short_call,short_call,0.15000000,1.00000
AAPL,2023-10-20,110.0000,call,sell,2023-01-12T20:46:58.756229Z,credit,1.00000,limit,short_call,short_call,0.15000000,1.00000
NVDA,2023-01-27,140.0000,put,sell,2023-01-11T18:18:05.150458Z,credit,1.00000,limit,,long_put,1.42000000,1.00000
TSLA,2023-02-17,90.0000,put,sell,2023-01-11T18:17:54.528006Z,credit,3.00000,limit,,long_put,1.98000000,3.00000
NVDA,2023-02-17,135.0000,put,sell,2023-01-11T18:17:42.622210Z,credit,2.00000,limit,,long_put,2.89000000,2.00000
NVDA,2023-02-17,135.0000,put,buy,2023-01-09T20:42:00.030698Z,debit,1.00000,limit,long_put,,3.35000000,1.00000
AAPL,2023-05-19,110.0000,call,buy,2023-01-09T16:45:15.829984Z,credit,1.00000,limit,short_call,short_call,4.15000000,1.00000
AAPL,2023-05-19,105.0000,call,sell,2023-01-09T16:45:15.829984Z,credit,1.00000,limit,short_call,short_call,4.15000000,1.00000
NVDA,2023-02-17,135.0000,put,buy,2023-01-06T20:44:31.902565Z,debit,1.00000,limit,long_put,,5.05000000,1.00000
AAPL,2023-04-21,110.0000,call,buy,2023-01-06T20:43:19.400028Z,credit,1.00000,limit,short_call,short_call,1.13000000,1.00000
AAPL,2023-05-19,110.0000,call,sell,2023-01-06T20:43:19.400028Z,credit,1.00000,limit,short_call,short_call,1.13000000,1.00000
AAPL,2023-04-21,115.0000,call,buy,2023-01-06T18:00:02.407194Z,credit,1.00000,limit,short_call,short_call,3.85000000,1.00000
AAPL,2023-04-21,110.0000,call,sell,2023-01-06T18:00:02.407194Z,credit,1.00000,limit,short_call,short_call,3.85000000,1.00000
NVDA,2023-01-27,140.0000,put,buy,2022-12-29T14:59:34.123271Z,debit,1.00000,limit,long_put,,6.95000000,1.00000
AAPL,2023-03-17,120.0000,call,buy,2022-12-29T14:52:38.899011Z,credit,1.00000,limit,short_call,short_call,5.20000000,1.00000
AAPL,2023-04-21,115.0000,call,sell,2022-12-29T14:52:38.899011Z,credit,1.00000,limit,short_call,short_call,5.20000000,1.00000
TSLA,2023-02-17,90.0000,put,buy,2022-12-28T16:18:05.787574Z,debit,2.00000,limit,long_put,,6.70000000,2.00000
AAPL,2023-01-20,136.0000,call,sell,2022-12-28T16:17:06.182288Z,credit,1.00000,limit,,long_call,1.64000000,1.00000
MDB,2023-01-20,227.5000,call,sell,2022-12-28T16:16:55.036796Z,credit,1.00000,limit,,long_call,2.10000000,1.00000
TSLA,2023-02-17,90.0000,put,buy,2022-12-27T20:57:02.725571Z,debit,1.00000,limit,long_put,,6.85000000,1.00000
AAPL,2023-03-17,120.0000,call,sell,2022-12-27T19:07:15.031018Z,credit,1.00000,limit,short_call,,15.65000000,1.00000
AAPL,2022-12-30,134.0000,call,buy,2022-12-23T20:33:06.106327Z,debit,2.00000,limit,long_call,,1.02000000,2.00000
AAPL,2022-12-30,134.0000,call,buy,2022-12-22T19:32:02.234052Z,debit,2.00000,limit,long_call,,1.58000000,2.00000
AAPL,2023-01-20,127.0000,call,buy,2022-12-22T19:30:54.210873Z,debit,1.00000,limit,,short_call,8.10000000,1.00000
AAPL,2023-01-20,136.0000,call,buy,2022-12-21T20:59:41.054297Z,debit,1.00000,limit,long_call,,4.90000000,1.00000
AAPL,2023-01-13,135.0000,put,sell,2022-12-21T17:59:06.130721Z,credit,1.00000,limit,,long_put,3.80000000,1.00000
AAPL,2023-01-20,132.0000,call,buy,2022-12-21T15:41:41.278385Z,credit,1.00000,limit,short_call,short_call,3.58000000,1.00000
AAPL,2023-01-20,127.0000,call,sell,2022-12-21T15:41:41.278385Z,credit,1.00000,limit,short_call,short_call,3.58000000,1.00000
MDB,2023-01-20,227.5000,call,buy,2022-12-20T20:35:19.699531Z,debit,1.00000,limit,long_call,,6.20000000,1.00000
MDB,2023-01-20,170.0000,put,sell,2022-12-20T15:39:27.137258Z,credit,1.00000,limit,,long_put,4.50000000,1.00000
MDB,2023-01-20,170.0000,put,buy,2022-12-19T20:42:29.130078Z,debit,1.00000,limit,long_put,,6.90000000,1.00000
AAPL,2023-01-20,132.0000,call,sell,2022-12-19T15:50:26.813120Z,credit,1.00000,limit,short_call,,5.75000000,1.00000
AAPL,2022-12-23,134.0000,call,buy,2022-12-19T15:31:49.380992Z,debit,1.00000,limit,,short_call,1.45000000,1.00000
AAPL,2023-01-13,135.0000,put,buy,2022-12-15T20:56:37.438587Z,debit,1.00000,limit,long_put,,4.65000000,1.00000
AAPL,2023-01-06,141.0000,put,sell,2022-12-15T20:55:58.582886Z,credit,1.00000,limit,,long_put,6.80000000,1.00000
AAPL,2022-12-23,134.0000,call,sell,2022-12-15T20:51:15.423837Z,credit,1.00000,limit,short_call,,4.20000000,1.00000
AAPL,2023-01-20,135.0000,call,buy,2022-12-15T20:07:45.339993Z,debit,1.00000,limit,,short_call,7.30000000,1.00000
MDB,2022-12-16,202.5000,call,sell,2022-12-13T20:44:12.265479Z,credit,1.00000,limit,,long_call,9.00000000,1.00000
MDB,2022-12-16,202.5000,call,buy,2022-12-12T17:18:18.190237Z,debit,1.00000,limit,long_call,,8.10000000,1.00000
HD,2022-12-30,350.0000,call,sell,2022-12-09T17:30:13.559069Z,credit,3.00000,limit,,long_call,0.84000000,3.00000
AAPL,2023-01-06,141.0000,put,buy,2022-12-07T15:06:30.926694Z,debit,1.00000,limit,long_put,,4.90000000,1.00000
AAPL,2022-12-30,145.0000,put,sell,2022-12-06T21:00:02.611577Z,credit,1.00000,limit,,long_put,5.55000000,1.00000
HD,2022-12-30,350.0000,call,buy,2022-11-30T20:59:33.824872Z,debit,3.00000,limit,long_call,,1.72000000,3.00000
HD,2022-12-30,340.0000,call,sell,2022-11-30T20:58:55.978685Z,credit,2.00000,limit,,long_call,3.35000000,2.00000
AAPL,2023-01-20,135.0000,call,sell,2022-11-30T20:54:29.957985Z,credit,1.00000,limit,short_call,short_call,3.80000000,1.00000
AAPL,2023-01-20,140.0000,call,buy,2022-11-30T20:54:29.957985Z,credit,1.00000,limit,short_call,short_call,3.80000000,1.00000
AAPL,2022-12-30,145.0000,put,buy,2022-11-30T20:49:47.421220Z,debit,1.00000,limit,long_put,,3.90000000,1.00000
AAPL,2023-01-20,150.0000,call,buy,2022-11-30T19:32:02.415927Z,credit,1.00000,limit,short_call,short_call,5.88000000,1.00000
AAPL,2023-01-20,140.0000,call,sell,2022-11-30T19:32:02.415927Z,credit,1.00000,limit,short_call,short_call,5.88000000,1.00000
AAPL,2022-12-09,143.0000,put,sell,2022-11-30T19:31:04.859992Z,credit,1.00000,limit,,long_put,1.46000000,1.00000
AAPL,2022-12-09,143.0000,put,buy,2022-11-29T20:37:41.580987Z,debit,1.00000,limit,long_put,,4.35000000,1.00000
TSLA,2022-12-30,170.0000,put,sell,2022-11-29T15:25:51.935132Z,credit,1.00000,limit,,long_put_spread,1.35000000,1.00000
TSLA,2022-12-30,165.0000,put,buy,2022-11-29T15:25:51.935132Z,credit,1.00000,limit,,long_put_spread,1.35000000,1.00000
AAPL,2022-12-30,165.0000,call,sell,2022-11-29T15:14:00.458521Z,credit,3.00000,limit,,long_call,0.26000000,3.00000
HD,2022-12-30,340.0000,call,buy,2022-11-28T21:24:22.009833Z,debit,2.00000,limit,long_call,,2.91000000,2.00000
AAPL,2022-12-30,165.0000,call,buy,2022-11-22T20:56:58.708677Z,debit,2.00000,limit,long_call,,0.88000000,2.00000
TSLA,2022-12-30,170.0000,put,sell,2022-11-22T20:56:28.748016Z,credit,2.00000,limit,,long_put_spread,2.20000000,2.00000
TSLA,2022-12-30,165.0000,put,buy,2022-11-22T20:56:28.748016Z,credit,2.00000,limit,,long_put_spread,2.20000000,2.00000
TSLA,2022-12-30,170.0000,put,buy,2022-11-21T20:44:26.624233Z,debit,3.00000,limit,long_put_spread,,2.35000000,3.00000
TSLA,2022-12-30,165.0000,put,sell,2022-11-21T20:44:26.624233Z,debit,3.00000,limit,long_put_spread,,2.35000000,3.00000
SPY,2022-12-23,424.0000,call,sell,2022-11-18T20:39:44.271728Z,credit,1.00000,limit,,strangle,3.47000000,1.00000
SPY,2022-12-23,363.0000,put,sell,2022-11-18T20:39:44.271728Z,credit,1.00000,limit,,strangle,3.47000000,1.00000
AMD,2022-11-18,73.0000,put,sell,2022-11-18T20:32:52.695802Z,credit,2.00000,limit,,long_put,0.02000000,2.00000
AMD,2022-11-18,73.0000,call,sell,2022-11-18T16:46:38.257113Z,credit,1.00000,limit,,long_call,0.36000000,1.00000
AMD,2022-11-18,73.0000,call,buy,2022-11-17T20:50:51.241200Z,debit,1.00000,limit,long_call,,1.34000000,1.00000
AMD,2022-11-18,73.0000,put,buy,2022-11-17T20:49:36.941882Z,debit,2.00000,limit,long_put,,0.62000000,2.00000
AMD,2022-11-18,71.0000,put,sell,2022-11-17T20:49:00.329833Z,credit,4.00000,limit,,long_put,0.17000000,4.00000
AAPL,2023-01-20,150.0000,call,sell,2022-11-16T20:47:06.130605Z,credit,1.00000,limit,short_call,,7.80000000,1.00000
AMD,2022-11-18,71.0000,put,buy,2022-11-16T20:42:45.122386Z,debit,1.00000,limit,long_put,,1.01000000,1.00000
AAPL,2022-12-30,165.0000,call,sell,2022-11-16T20:42:22.769828Z,credit,1.00000,limit,,long_call,1.23000000,1.00000
AMD,2022-11-18,71.0000,put,buy,2022-11-16T20:37:42.528903Z,debit,3.00000,limit,long_put,,1.11000000,3.00000
AAPL,2022-12-16,120.0000,put,sell,2022-11-16T20:34:31.110095Z,credit,4.00000,limit,,long_put,0.37000000,4.00000
AAPL,2022-12-30,165.0000,call,buy,2022-11-15T19:41:21.469192Z,debit,2.00000,limit,long_call,,1.65000000,2.00000
AAPL,2022-12-16,155.0000,call,sell,2022-11-15T17:43:32.677201Z,credit,1.00000,limit,,long_call,4.25000000,1.00000
SPY,2022-12-23,424.0000,call,buy,2022-11-14T02:36:37.764365Z,debit,1.00000,limit,strangle,,5.34000000,1.00000
SPY,2022-12-23,363.0000,put,buy,2022-11-14T02:36:37.764365Z,debit,1.00000,limit,strangle,,5.34000000,1.00000
AAPL,2022-12-16,155.0000,call,buy,2022-11-10T20:42:10.673760Z,debit,1.00000,limit,long_call,,2.24000000,1.00000
AAPL,2023-02-17,135.0000,call,buy,2022-11-10T19:02:55.490955Z,debit,1.00000,limit,,short_call,16.75000000,1.00000
AAPL,2022-12-16,120.0000,put,buy,2022-11-09T20:45:12.043074Z,debit,4.00000,limit,long_put,,1.91000000,4.00000
AAPL,2022-12-09,134.0000,put,sell,2022-11-09T20:43:34.585052Z,credit,2.00000,limit,,long_put,5.15000000,2.00000
META,2022-12-02,80.0000,put,sell,2022-11-04T19:31:21.257722Z,credit,5.00000,limit,,long_put,1.29000000,5.00000
AAPL,2022-12-09,134.0000,put,buy,2022-11-03T19:28:14.842783Z,debit,2.00000,limit,long_put,,3.70000000,2.00000
AAPL,2022-12-02,138.0000,put,sell,2022-11-03T19:26:13.918020Z,credit,3.00000,limit,,long_put,4.55000000,3.00000
META,2022-12-02,80.0000,put,buy,2022-11-01T18:32:24.526324Z,debit,2.00000,limit,long_put,,0.93000000,2.00000
META,2022-12-02,80.0000,put,buy,2022-10-31T19:35:30.617385Z,debit,3.00000,limit,long_put,,1.39000000,3.00000
AAPL,2022-11-18,160.0000,call,sell,2022-10-28T19:47:14.337961Z,credit,3.00000,limit,,long_call,2.92000000,3.00000
AAPL,2022-12-02,138.0000,put,buy,2022-10-28T19:42:36.427125Z,debit,2.00000,limit,long_put,,1.23000000,2.00000
AAPL,2022-11-25,155.0000,call,sell,2022-10-28T19:41:16.351829Z,credit,2.00000,limit,,long_call,5.95000000,2.00000
AMZN,2022-11-11,94.0000,put,sell,2022-10-28T18:31:44.406786Z,credit,3.00000,limit,,long_put,0.97000000,3.00000
AMZN,2022-11-11,94.0000,put,buy,2022-10-28T05:36:49.641509Z,debit,3.00000,limit,long_put,,1.56000000,3.00000
AAPL,2022-12-02,138.0000,put,buy,2022-10-27T16:34:07.821102Z,debit,1.00000,limit,long_put,,4.05000000,1.00000
MSFT,2022-11-25,275.0000,call,sell,2022-10-26T15:05:57.664665Z,credit,3.00000,limit,,long_call,0.34000000,3.00000
AAPL,2023-01-20,135.0000,call,buy,2022-10-25T19:43:41.000455Z,credit,1.00000,limit,short_call,short_call,1.60000000,1.00000
AAPL,2023-02-17,135.0000,call,sell,2022-10-25T19:43:41.000455Z,credit,1.00000,limit,short_call,short_call,1.60000000,1.00000
AAPL,2022-11-25,155.0000,call,buy,2022-10-25T19:35:54.483507Z,debit,2.00000,limit,long_call,,5.30000000,2.00000
MSFT,2022-11-25,275.0000,call,buy,2022-10-24T19:56:03.411091Z,debit,3.00000,limit,long_call,,2.01000000,3.00000
AAPL,2022-11-18,160.0000,call,buy,2022-10-24T19:32:39.755059Z,debit,3.00000,limit,long_call,,2.19000000,3.00000
AAPL,2022-11-18,130.0000,put,sell,2022-10-24T19:31:30.900619Z,credit,2.00000,limit,,long_put,1.21000000,2.00000
AAPL,2022-12-16,115.0000,put,sell,2022-10-24T19:31:15.984170Z,credit,2.00000,limit,,long_put,0.88000000,2.00000
AAPL,2023-01-20,140.0000,call,buy,2022-10-24T19:30:41.464150Z,credit,1.00000,limit,short_call,short_call,3.60000000,1.00000
AAPL,2023-01-20,135.0000,call,sell,2022-10-24T19:30:41.464150Z,credit,1.00000,limit,short_call,short_call,3.60000000,1.00000
AAPL,2022-11-04,157.5000,call,sell,2022-10-21T19:59:48.411537Z,credit,3.00000,limit,,long_call,1.25000000,3.00000
AAPL,2022-12-16,115.0000,put,buy,2022-10-21T19:53:32.550226Z,debit,2.00000,limit,long_put,,1.05000000,2.00000
AAPL,2022-11-18,130.0000,put,buy,2022-10-17T19:45:55.568593Z,debit,2.00000,limit,long_put,,2.70000000,2.00000
AAPL,2023-01-20,140.0000,call,sell,2022-10-17T19:41:13.081732Z,credit,1.00000,limit,short_call,,12.60000000,1.00000
AAPL,2022-11-18,115.0000,put,sell,2022-10-14T19:55:21.303141Z,credit,2.00000,limit,,long_put,1.21000000,2.00000
AAPL,2022-12-16,135.0000,call,buy,2022-10-14T19:51:57.105196Z,debit,1.00000,limit,,short_call,11.70000000,1.00000
AAPL,2022-11-18,115.0000,put,buy,2022-10-13T19:49:37.762807Z,debit,2.00000,limit,long_put,,0.98000000,2.00000
SPY,2022-11-14,330.0000,put,sell,2022-10-13T19:44:09.899598Z,credit,2.00000,limit,,long_put,2.65000000,2.00000
AAPL,2022-12-16,140.0000,call,buy,2022-10-13T19:37:36.852815Z,credit,1.00000,limit,short_call,short_call,3.10000000,1.00000
AAPL,2022-12-16,135.0000,call,sell,2022-10-13T19:37:36.852815Z,credit,1.00000,limit,short_call,short_call,3.10000000,1.00000
SPY,2022-11-14,330.0000,put,buy,2022-10-12T19:44:39.573107Z,debit,2.00000,limit,long_put,,3.99000000,2.00000
AAPL,2022-12-16,140.0000,call,sell,2022-10-11T15:14:15.661333Z,credit,1.00000,limit,short_call,,9.60000000,1.00000
AAPL,2022-11-11,141.0000,call,buy,2022-10-07T19:42:18.413681Z,debit,1.00000,limit,,short_call,7.00000000,1.00000
SPY,2022-11-07,355.0000,put,sell,2022-10-07T19:39:49.620784Z,credit,1.00000,limit,,long_put,8.59000000,1.00000
SPY,2022-11-07,355.0000,put,buy,2022-10-05T19:55:08.970350Z,debit,1.00000,limit,long_put,,4.57000000,1.00000
SPY,2022-10-26,340.0000,put,sell,2022-10-05T19:53:37.158175Z,credit,4.00000,limit,,long_put,1.19000000,4.00000
SPY,2022-10-19,395.0000,call,buy,2022-10-04T19:42:47.201959Z,debit,4.00000,limit,long_call,,1.61000000,4.00000
AAPL,2022-11-04,145.0000,call,buy,2022-10-04T19:42:16.022093Z,credit,1.00000,limit,short_call,short_call,3.00000000,1.00000
AAPL,2022-11-11,141.0000,call,sell,2022-10-04T19:42:16.022093Z,credit,1.00000,limit,short_call,short_call,3.00000000,1.00000
AAPL,2022-11-04,145.0000,call,sell,2022-10-03T19:06:34.528739Z,credit,1.00000,limit,short_call,,5.85000000,1.00000
AAPL,2022-11-04,157.5000,call,buy,2022-10-03T19:01:57.244229Z,debit,3.00000,limit,long_call,,1.65000000,3.00000
SPY,2022-10-28,335.0000,put,sell,2022-09-30T19:52:06.712528Z,credit,2.00000,limit,,long_put,3.92000000,2.00000
AAPL,2022-10-07,130.0000,put,sell,2022-09-30T19:18:29.037654Z,credit,3.00000,limit,,long_put,0.64000000,3.00000
SPY,2022-10-28,335.0000,put,buy,2022-09-28T18:48:50.937725Z,debit,2.00000,limit,long_put,,2.77000000,2.00000
SPY,2022-09-28,370.0000,call,sell,2022-09-28T18:47:09.472396Z,credit,5.00000,limit,,long_call,0.55000000,5.00000
SPY,2022-09-28,370.0000,call,buy,2022-09-28T16:32:47.977012Z,debit,5.00000,limit,long_call,,0.66000000,5.00000
AAPL,2022-12-16,145.0000,call,buy,2022-09-28T16:29:41.045101Z,debit,1.00000,limit,,short_call,12.05000000,1.00000
SPY,2022-10-26,340.0000,put,buy,2022-09-26T16:43:32.441920Z,debit,4.00000,limit,long_put,,4.48000000,4.00000
SPY,2022-10-19,348.0000,put,sell,2022-09-26T14:08:00.453229Z,credit,4.00000,limit,,long_put,4.07000000,4.00000
SPY,2022-10-19,348.0000,put,buy,2022-09-23T20:40:16.362012Z,debit,4.00000,limit,long_put,,4.19000000,4.00000
SPY,2022-10-19,360.0000,put,sell,2022-09-23T19:49:11.314524Z,credit,3.00000,limit,,long_put,7.57000000,3.00000
NVDA,2022-10-07,105.0000,put,sell,2022-09-23T19:27:15.037819Z,credit,1.00000,limit,,long_put,0.84000000,1.00000
AAPL,2022-10-07,130.0000,put,sell,2022-09-23T19:26:58.864739Z,credit,2.00000,limit,,long_put,0.46000000,2.00000
SPY,2022-10-19,360.0000,put,buy,2022-09-21T21:47:40.398862Z,debit,3.00000,limit,long_put,,4.85000000,3.00000
SPY,2022-10-19,372.0000,put,sell,2022-09-19T19:42:13.598396Z,credit,2.00000,limit,,long_put,4.87000000,2.00000
SPY,2022-10-19,372.0000,put,buy,2022-09-19T17:38:15.407673Z,debit,2.00000,limit,long_put,,5.88000000,2.00000
AAPL,2022-09-30,167.5000,call,sell,2022-09-15T16:24:14.401964Z,credit,5.00000,limit,,long_call,0.28000000,5.00000
AAPL,2022-10-07,130.0000,put,buy,2022-09-14T19:48:03.979438Z,debit,5.00000,limit,long_put,,0.39000000,5.00000
AAPL,2022-09-16,155.0000,put,sell,2022-09-14T19:46:55.750403Z,credit,3.00000,limit,,long_put,1.82000000,3.00000
AAPL,2022-09-30,167.5000,call,buy,2022-09-13T19:55:40.244930Z,debit,5.00000,limit,long_call,,0.45000000,5.00000
AAPL,2022-09-16,155.0000,put,buy,2022-09-12T19:23:39.564198Z,debit,3.00000,limit,long_put,,0.35000000,3.00000
AAPL,2022-09-16,167.5000,call,buy,2022-09-12T19:22:50.761918Z,debit,5.00000,limit,long_call,,0.67000000,5.00000
AAPL,2022-12-16,150.0000,call,buy,2022-09-12T19:21:34.916727Z,credit,1.00000,limit,short_call,short_call,3.80000000,1.00000
AAPL,2022-12-16,145.0000,call,sell,2022-09-12T19:21:34.916727Z,credit,1.00000,limit,short_call,short_call,3.80000000,1.00000
AAPL,2022-09-09,152.5000,call,buy,2022-09-09T18:43:01.413087Z,credit,1.00000,limit,short_call,short_call,10.15000000,1.00000
AAPL,2022-12-16,150.0000,call,sell,2022-09-09T18:43:01.413087Z,credit,1.00000,limit,short_call,short_call,10.15000000,1.00000
AAPL,2022-09-09,152.5000,call,sell,2022-09-08T19:36:55.111758Z,credit,1.00000,limit,short_call,,2.03000000,1.00000
AAPL,2022-09-09,152.5000,call,buy,2022-09-08T16:33:12.959500Z,debit,1.00000,limit,,short_call,1.84000000,1.00000
AAPL,2022-09-09,152.5000,call,sell,2022-09-08T14:30:30.211062Z,credit,1.00000,limit,short_call,,2.88000000,1.00000
AAPL,2023-01-20,165.0000,call,buy,2022-09-02T19:59:32.058740Z,debit,1.00000,limit,,short_call,8.50000000,1.00000
NVDA,2022-10-07,170.0000,call,sell,2022-09-02T19:58:36.950684Z,credit,3.00000,limit,,long_call,0.95000000,3.00000
AAPL,2022-09-16,150.0000,put,sell,2022-09-02T19:58:17.984155Z,credit,2.00000,limit,,long_put,1.74000000,2.00000
NVDA,2022-10-07,105.0000,put,buy,2022-09-01T19:31:47.894217Z,debit,3.00000,limit,long_put,,1.18000000,3.00000
NVDA,2022-10-07,170.0000,call,buy,2022-09-01T19:30:40.579367Z,debit,3.00000,limit,long_call,,1.23000000,3.00000
NVDA,2022-09-02,145.0000,put,sell,2022-09-01T19:24:04.568220Z,credit,3.00000,limit,,long_put,6.40000000,3.00000
AAPL,2022-09-16,150.0000,put,buy,2022-08-30T19:51:38.383174Z,debit,2.00000,limit,long_put,,1.56000000,2.00000
AAPL,2022-09-16,167.5000,call,buy,2022-08-30T19:50:59.870183Z,debit,2.00000,limit,long_call,,1.02000000,2.00000
AAPL,2023-01-20,165.0000,call,sell,2022-08-30T19:49:14.474463Z,credit,1.00000,limit,short_call,,9.95000000,1.00000
AAPL,2024-06-21,145.0000,call,buy,2022-08-30T17:19:50.743316Z,debit,1.00000,limit,,short_call,38.50000000,1.00000
AAPL,2022-09-09,182.5000,call,sell,2022-08-30T17:09:38.570556Z,credit,3.00000,limit,,long_call,0.02000000,3.00000
AAPL,2022-09-16,185.0000,call,sell,2022-08-30T17:09:15.434986Z,credit,1.00000,limit,,long_call,0.05000000,1.00000
AAPL,2022-09-16,185.0000,call,sell,2022-08-30T17:09:02.427168Z,credit,1.00000,limit,,long_call,0.05000000,1.00000
AAPL,2022-09-30,172.5000,call,sell,2022-08-30T17:08:48.961497Z,credit,1.00000,limit,,long_call,1.07000000,1.00000
AAPL,2022-09-30,172.5000,call,buy,2022-08-29T19:47:29.932972Z,debit,1.00000,limit,long_call,,1.75000000,1.00000
NVDA,2022-09-02,162.5000,put,sell,2022-08-29T05:26:16.155194Z,credit,2.00000,limit,,long_put,7.00000000,2.00000
NVDA,2022-09-02,162.5000,put,buy,2022-08-24T16:04:13.538833Z,debit,2.00000,limit,long_put,,2.85000000,2.00000
CMG,2022-09-16,1850.0000,call,sell,2022-08-24T15:45:26.767179Z,credit,2.00000,limit,,long_call,3.10000000,2.00000
NVDA,2022-08-26,172.5000,put,buy,2022-08-19T16:41:11.409781Z,debit,3.00000,limit,long_put_spread,,0.73000000,3.00000
NVDA,2022-08-26,170.0000,put,sell,2022-08-19T16:41:11.409781Z,debit,3.00000,limit,long_put_spread,,0.73000000,3.00000
NVDA,2022-08-26,210.0000,call,sell,2022-08-19T16:38:59.880696Z,credit,3.00000,limit,,long_call,0.25000000,3.00000
NVDA,2022-08-26,200.0000,call,sell,2022-08-19T16:38:27.748292Z,credit,1.00000,limit,,long_call,0.74000000,1.00000
AAPL,2022-09-16,185.0000,call,buy,2022-08-19T16:20:13.830031Z,debit,6.00000,limit,long_call,,0.73000000,6.00000
CMG,2022-09-16,1850.0000,call,buy,2022-08-17T18:33:46.764497Z,debit,1.00000,limit,long_call,,10.00000000,1.00000
CMG,2022-09-16,1850.0000,call,buy,2022-08-17T18:16:48.054474Z,debit,1.00000,limit,long_call,,11.50000000,1.00000
AAPL,2022-09-09,182.5000,call,buy,2022-08-15T19:30:05.813264Z,debit,3.00000,limit,long_call,,0.82000000,3.00000
AAPL,2022-09-09,177.5000,call,sell,2022-08-12T14:45:32.602240Z,credit,5.00000,limit,,long_call,1.75000000,5.00000
AAPL,2022-09-02,172.5000,call,sell,2022-08-12T14:45:11.872319Z,credit,4.00000,limit,,long_call,3.10000000,4.00000
AAPL,2022-09-09,177.5000,call,buy,2022-08-11T16:37:42.904673Z,debit,5.00000,limit,long_call,,1.36000000,5.00000
NVDA,2022-09-02,145.0000,put,buy,2022-08-08T19:50:11.136448Z,debit,3.00000,limit,long_put,,1.43000000,3.00000
AAPL,2022-09-02,172.5000,call,buy,2022-08-08T19:42:43.876713Z,debit,4.00000,limit,long_call,,1.51000000,4.00000
NVDA,2022-08-26,165.0000,put,sell,2022-08-08T17:23:20.562327Z,credit,2.00000,limit,,long_put,5.15000000,2.00000
NVDA,2022-08-26,165.0000,put,buy,2022-08-05T19:23:52.687926Z,debit,2.00000,limit,long_put,,2.70000000,2.00000
NVDA,2022-08-26,210.0000,call,buy,2022-08-05T19:23:02.409261Z,debit,3.00000,limit,long_call,,3.30000000,3.00000
NVDA,2022-08-26,200.0000,call,buy,2022-08-03T16:35:37.536513Z,debit,1.00000,limit,long_call,,5.60000000,1.00000
NVDA,2022-08-05,185.0000,call,buy,2022-08-02T16:57:29.242560Z,credit,1.00000,limit,,long_call_spread,3.70000000,1.00000
NVDA,2022-08-05,180.0000,call,sell,2022-08-02T16:57:29.242560Z,credit,1.00000,limit,,long_call_spread,3.70000000,1.00000
NVDA,2022-08-19,162.5000,put,sell,2022-08-01T16:58:57.501354Z,credit,1.00000,limit,,long_put,1.76000000,1.00000
AAPL,2022-08-05,160.0000,call,sell,2022-07-29T14:06:26.793865Z,credit,3.00000,limit,,long_call,4.50000000,3.00000
NVDA,2022-08-19,162.5000,put,buy,2022-07-27T19:53:55.013445Z,debit,1.00000,limit,long_put,,3.75000000,1.00000
AAPL,2022-08-05,160.0000,call,sell,2022-07-27T19:47:02.580396Z,credit,7.00000,limit,,long_call,2.36000000,7.00000
NVDA,2022-08-05,185.0000,call,buy,2022-07-27T19:44:11.496310Z,credit,2.00000,limit,,long_call_spread,2.10000000,2.00000
NVDA,2022-08-05,180.0000,call,sell,2022-07-27T19:44:11.496310Z,credit,2.00000,limit,,long_call_spread,2.10000000,2.00000
AAPL,2022-08-05,160.0000,call,buy,2022-07-22T19:39:50.555332Z,debit,10.00000,limit,long_call,,1.89000000,10.00000
NVDA,2022-08-05,185.0000,call,sell,2022-07-22T14:56:49.464754Z,debit,3.00000,limit,long_call_spread,,1.95000000,3.00000
NVDA,2022-08-05,180.0000,call,buy,2022-07-22T14:56:49.464754Z,debit,3.00000,limit,long_call_spread,,1.95000000,3.00000
AAPL,2024-06-21,145.0000,call,sell,2022-07-21T17:03:31.000061Z,credit,1.00000,limit,short_call,,36.00000000,1.00000
BEAM,2022-08-19,80.0000,call,buy,2022-07-20T16:41:54.086217Z,debit,2.00000,limit,long_call,,2.75000000,2.00000
AAPL,2022-10-21,110.0000,call,buy,2022-07-20T16:15:25.527497Z,debit,1.00000,limit,,short_call,45.05000000,1.00000
AAPL,2022-10-21,115.0000,call,buy,2022-07-14T19:02:42.022006Z,credit,1.00000,limit,short_call,short_call,4.50000000,1.00000
AAPL,2022-10-21,110.0000,call,sell,2022-07-14T19:02:42.022006Z,credit,1.00000,limit,short_call,short_call,4.50000000,1.00000
AAPL,2022-10-21,120.0000,call,buy,2022-07-12T16:16:08.290700Z,credit,1.00000,limit,short_call,short_call,4.38000000,1.00000
AAPL,2022-10-21,115.0000,call,sell,2022-07-12T16:16:08.290700Z,credit,1.00000,limit,short_call,short_call,4.38000000,1.00000
AAPL,2022-07-22,129.0000,call,buy,2022-07-07T14:46:57.552420Z,credit,1.00000,limit,short_call,short_call,11.85000000,1.00000
AAPL,2022-10-21,120.0000,call,sell,2022-07-07T14:46:57.552420Z,credit,1.00000,limit,short_call,short_call,11.85000000,1.00000
AAPL,2022-07-15,129.0000,call,buy,2022-07-06T18:33:05.275804Z,credit,1.00000,limit,short_call,short_call,0.40000000,1.00000
AAPL,2022-07-22,129.0000,call,sell,2022-07-06T18:33:05.275804Z,credit,1.00000,limit,short_call,short_call,0.40000000,1.00000
AAPL,2022-07-15,130.0000,call,buy,2022-07-05T17:42:06.254081Z,credit,1.00000,limit,short_call,short_call,0.90000000,1.00000
AAPL,2022-07-15,129.0000,call,sell,2022-07-05T17:42:06.254081Z,credit,1.00000,limit,short_call,short_call,0.90000000,1.00000
NVDA,2022-07-22,135.0000,put,buy,2022-07-01T19:58:15.795025Z,debit,2.00000,limit,long_put_spread,,1.32000000,2.00000
NVDA,2022-07-22,130.0000,put,sell,2022-07-01T19:58:15.795025Z,debit,2.00000,limit,long_put_spread,,1.32000000,2.00000
AAPL,2022-07-15,131.0000,call,buy,2022-07-01T19:55:27.386484Z,credit,1.00000,limit,short_call,short_call,0.80000000,1.00000
AAPL,2022-07-15,130.0000,call,sell,2022-07-01T19:55:27.386484Z,credit,1.00000,limit,short_call,short_call,0.80000000,1.00000
AAPL,2022-07-15,136.0000,call,buy,2022-06-30T15:51:40.209566Z,credit,1.00000,limit,short_call,short_call,3.40000000,1.00000
AAPL,2022-07-15,131.0000,call,sell,2022-06-30T15:51:40.209566Z,credit,1.00000,limit,short_call,short_call,3.40000000,1.00000
AAPL,2022-07-08,135.0000,call,buy,2022-06-29T15:49:25.895184Z,credit,1.00000,limit,short_call,short_call,0.28000000,1.00000
AAPL,2022-07-15,136.0000,call,sell,2022-06-29T15:49:25.895184Z,credit,1.00000,limit,short_call,short_call,0.28000000,1.00000
NVDA,2022-07-22,145.0000,put,sell,2022-06-28T19:54:25.316116Z,debit,1.00000,limit,long_put_spread,,1.42000000,1.00000
NVDA,2022-07-22,150.0000,put,buy,2022-06-28T19:54:25.316116Z,debit,1.00000,limit,long_put_spread,,1.42000000,1.00000
AAPL,2022-07-01,140.0000,call,buy,2022-06-28T19:51:51.373486Z,credit,1.00000,limit,short_call,short_call,3.68000000,1.00000
AAPL,2022-07-08,135.0000,call,sell,2022-06-28T19:51:51.373486Z,credit,1.00000,limit,short_call,short_call,3.68000000,1.00000
AAPL,2022-07-01,140.0000,call,sell,2022-06-28T15:06:50.578298Z,credit,1.00000,limit,short_call,,2.47000000,1.00000
AAPL,2022-06-24,132.0000,call,buy,2022-06-17T17:28:07.206527Z,debit,1.00000,limit,,short_call,3.05000000,1.00000
AAPL,2022-06-24,133.0000,call,buy,2022-06-15T19:52:18.990853Z,credit,1.00000,limit,short_call,short_call,0.65000000,1.00000
AAPL,2022-06-24,132.0000,call,sell,2022-06-15T19:52:18.990853Z,credit,1.00000,limit,short_call,short_call,0.65000000,1.00000
TSLA,2022-06-17,715.0000,call,buy,2022-06-15T19:44:53.750459Z,credit,2.00000,limit,,long_call_spread,2.05000000,2.00000
TSLA,2022-06-17,710.0000,call,sell,2022-06-15T19:44:53.750459Z,credit,2.00000,limit,,long_call_spread,2.05000000,2.00000
AAPL,2022-06-17,140.0000,call,buy,2022-06-13T18:57:00.468025Z,credit,1.00000,limit,short_call,short_call,3.51000000,1.00000
AAPL,2022-06-24,133.0000,call,sell,2022-06-13T18:57:00.468025Z,credit,1.00000,limit,short_call,short_call,3.51000000,1.00000
TSLA,2022-06-17,710.0000,call,buy,2022-06-13T18:01:24.329092Z,debit,2.00000,limit,long_call_spread,,1.05000000,2.00000
TSLA,2022-06-17,715.0000,call,sell,2022-06-13T18:01:24.329092Z,debit,2.00000,limit,long_call_spread,,1.05000000,2.00000
TSLA,2022-06-10,700.0000,call,buy,2022-06-10T14:19:26.727949Z,debit,1.00000,limit,,short_call_spread,1.50000000,1.00000
TSLA,2022-06-10,705.0000,call,sell,2022-06-10T14:19:26.727949Z,debit,1.00000,limit,,short_call_spread,1.50000000,1.00000
NVDA,2022-06-10,177.5000,call,sell,2022-06-10T14:18:43.318464Z,debit,2.00000,limit,,short_call_spread,1.00000000,2.00000
NVDA,2022-06-10,172.5000,call,buy,2022-06-10T14:18:43.318464Z,debit,2.00000,limit,,short_call_spread,1.00000000,2.00000
CVX,2022-07-22,185.0000,call,buy,2022-06-08T15:56:17.886750Z,debit,2.00000,limit,long_call_spread,,2.00000000,2.00000
CVX,2022-07-22,190.0000,call,sell,2022-06-08T15:56:17.886750Z,debit,2.00000,limit,long_call_spread,,2.00000000,2.00000
AMZN,2022-06-24,132.5000,call,buy,2022-06-06T14:58:56.235667Z,debit,2.00000,limit,long_call_spread,,1.49000000,2.00000
AMZN,2022-06-24,137.5000,call,sell,2022-06-06T14:58:56.235667Z,debit,2.00000,limit,long_call_spread,,1.49000000,2.00000
AMZN,2022-06-03,2530.0000,call,sell,2022-06-02T19:10:01.039517Z,credit,2.00000,limit,,long_call_spread,3.20000000,2.00000
AMZN,2022-06-03,2540.0000,call,buy,2022-06-02T19:10:01.039517Z,credit,2.00000,limit,,long_call_spread,3.20000000,2.00000
GOOG,2022-07-01,2445.0000,call,buy,2022-05-31T19:51:39.658123Z,debit,2.00000,limit,long_call_spread,,1.40000000,2.00000
GOOG,2022-07-01,2450.0000,call,sell,2022-05-31T19:51:39.658123Z,debit,2.00000,limit,long_call_spread,,1.40000000,2.00000
AMZN,2022-06-03,2530.0000,call,buy,2022-05-31T18:39:21.088556Z,debit,2.00000,limit,long_call_spread,,1.85000000,2.00000
AMZN,2022-06-03,2540.0000,call,sell,2022-05-31T18:39:21.088556Z,debit,2.00000,limit,long_call_spread,,1.85000000,2.00000
AAPL,2022-06-17,160.0000,call,buy,2022-05-27T19:58:38.908853Z,credit,2.00000,limit,,long_call_spread,1.26000000,2.00000
AAPL,2022-06-17,155.0000,call,sell,2022-05-27T19:58:38.908853Z,credit,2.00000,limit,,long_call_spread,1.26000000,2.00000
AAPL,2022-06-17,142.0000,call,buy,2022-05-27T19:10:29.776823Z,credit,1.00000,limit,short_call,short_call,1.58000000,1.00000
AAPL,2022-06-17,140.0000,call,sell,2022-05-27T19:10:29.776823Z,credit,1.00000,limit,short_call,short_call,1.58000000,1.00000
AAPL,2022-06-17,145.0000,call,buy,2022-05-27T15:03:27.555696Z,credit,1.00000,limit,short_call,short_call,2.03000000,1.00000
AAPL,2022-06-17,142.0000,call,sell,2022-05-27T15:03:27.555696Z,credit,1.00000,limit,short_call,short_call,2.03000000,1.00000
NVDA,2022-06-10,177.5000,call,buy,2022-05-26T20:01:15.698838Z,credit,2.00000,limit,short_call_spread,,3.05000000,2.00000
NVDA,2022-06-10,172.5000,call,sell,2022-05-26T20:01:15.698838Z,credit,2.00000,limit,short_call_spread,,3.05000000,2.00000
TSLA,2022-06-10,700.0000,call,sell,2022-05-26T19:59:00.395145Z,credit,1.00000,limit,short_call_spread,,2.73000000,1.00000
TSLA,2022-06-10,705.0000,call,buy,2022-05-26T19:59:00.395145Z,credit,1.00000,limit,short_call_spread,,2.73000000,1.00000
NVDA,2022-06-10,167.5000,call,sell,2022-05-26T19:44:13.547171Z,credit,1.00000,limit,,long_call_spread,3.43000000,1.00000
NVDA,2022-06-10,172.5000,call,buy,2022-05-26T19:44:13.547171Z,credit,1.00000,limit,,long_call_spread,3.43000000,1.00000
AAPL,2022-06-17,144.0000,call,buy,2022-05-26T19:43:43.078315Z,credit,2.00000,limit,,long_call_spread,1.80000000,2.00000
AAPL,2022-06-17,141.0000,call,sell,2022-05-26T19:43:43.078315Z,credit,2.00000,limit,,long_call_spread,1.80000000,2.00000
AAPL,2022-06-24,150.0000,call,buy,2022-05-26T18:21:27.044324Z,credit,1.00000,limit,short_call,short_call,1.57000000,1.00000
AAPL,2022-06-17,145.0000,call,sell,2022-05-26T18:21:27.044324Z,credit,1.00000,limit,short_call,short_call,1.57000000,1.00000
AAPL,2022-06-03,145.0000,call,buy,2022-05-25T19:39:30.273965Z,credit,1.00000,limit,short_call,short_call,0.63000000,1.00000
AAPL,2022-06-24,150.0000,call,sell,2022-05-25T19:39:30.273965Z,credit,1.00000,limit,short_call,short_call,0.63000000,1.00000
NVDA,2022-06-10,167.5000,call,buy,2022-05-25T18:19:08.666048Z,debit,1.00000,limit,long_call_spread,,2.45000000,1.00000
NVDA,2022-06-10,172.5000,call,sell,2022-05-25T18:19:08.666048Z,debit,1.00000,limit,long_call_spread,,2.45000000,1.00000
AAPL,2022-06-17,144.0000,call,sell,2022-05-24T17:39:51.971562Z,debit,2.00000,limit,long_call_spread,,1.33000000,2.00000
AAPL,2022-06-17,141.0000,call,buy,2022-05-24T17:39:51.971562Z,debit,2.00000,limit,long_call_spread,,1.33000000,2.00000
AAPL,2022-05-27,140.0000,call,buy,2022-05-23T16:13:04.677513Z,debit,1.00000,limit,short_call,short_call,1.83000000,1.00000
AAPL,2022-06-03,145.0000,call,sell,2022-05-23T16:13:04.677513Z,debit,1.00000,limit,short_call,short_call,1.83000000,1.00000
AAPL,2022-05-27,145.0000,call,buy,2022-05-19T19:39:02.293981Z,credit,1.00000,limit,short_call,short_call,1.39000000,1.00000
AAPL,2022-05-27,140.0000,call,sell,2022-05-19T19:39:02.293981Z,credit,1.00000,limit,short_call,short_call,1.39000000,1.00000
AAPL,2022-06-03,145.0000,put,buy,2022-05-19T18:49:46.221178Z,credit,2.00000,limit,,long_put_spread,2.45000000,2.00000
AAPL,2022-06-03,148.0000,put,sell,2022-05-19T18:49:46.221178Z,credit,2.00000,limit,,long_put_spread,2.45000000,2.00000
AAPL,2022-06-03,150.0000,call,buy,2022-05-18T20:00:23.273615Z,credit,1.00000,limit,short_call,short_call,0.70000000,1.00000
AAPL,2022-05-27,145.0000,call,sell,2022-05-18T20:00:23.273615Z,credit,1.00000,limit,short_call,short_call,0.70000000,1.00000
AAPL,2022-06-17,160.0000,call,sell,2022-05-18T16:49:52.012117Z,debit,2.00000,limit,long_call_spread,,0.80000000,2.00000
AAPL,2022-06-17,155.0000,call,buy,2022-05-18T16:49:52.012117Z,debit,2.00000,limit,long_call_spread,,0.80000000,2.00000
AAPL,2022-06-03,148.0000,put,buy,2022-05-17T16:55:56.167941Z,debit,2.00000,limit,long_put_spread,,1.15000000,2.00000
AAPL,2022-06-03,145.0000,put,sell,2022-05-17T16:55:56.167941Z,debit,2.00000,limit,long_put_spread,,1.15000000,2.00000
AAPL,2022-05-20,146.0000,call,buy,2022-05-13T15:17:44.804426Z,debit,1.00000,limit,short_call,short_call,0.15000000,1.00000
AAPL,2022-06-03,150.0000,call,sell,2022-05-13T15:17:44.804426Z,debit,1.00000,limit,short_call,short_call,0.15000000,1.00000
AAPL,2022-05-27,160.0000,call,buy,2022-05-12T17:53:58.813165Z,credit,1.00000,limit,short_call,short_call,1.53000000,1.00000
AAPL,2022-05-20,146.0000,call,sell,2022-05-12T17:53:58.813165Z,credit,1.00000,limit,short_call,short_call,1.53000000,1.00000
AAPL,2022-05-27,165.0000,call,buy,2022-05-11T19:22:28.677236Z,debit,5.00000,limit,long_call_spread,,0.21000000,5.00000
AAPL,2022-05-27,170.0000,call,sell,2022-05-11T19:22:28.677236Z,debit,5.00000,limit,long_call_spread,,0.21000000,5.00000
AAPL,2022-06-03,140.0000,put,buy,2022-05-11T18:30:39.037260Z,credit,2.00000,limit,,long_put_spread,1.68000000,2.00000
AAPL,2022-06-03,145.0000,put,sell,2022-05-11T18:30:39.037260Z,credit,2.00000,limit,,long_put_spread,1.68000000,2.00000
AAPL,2022-06-03,140.0000,put,sell,2022-05-10T18:17:05.519516Z,debit,2.00000,limit,long_put_spread,,0.90000000,2.00000
AAPL,2022-06-03,145.0000,put,buy,2022-05-10T18:17:05.519516Z,debit,2.00000,limit,long_put_spread,,0.90000000,2.00000
AAPL,2022-05-20,172.5000,call,buy,2022-05-10T14:38:57.187653Z,credit,1.00000,limit,short_call,short_call,2.88000000,1.00000
AAPL,2022-05-27,160.0000,call,sell,2022-05-10T14:38:57.187653Z,credit,1.00000,limit,short_call,short_call,2.88000000,1.00000
AAPL,2022-05-20,172.5000,call,sell,2022-05-04T19:32:18.106318Z,credit,1.00000,limit,short_call,,1.21000000,1.00000
AAPL,2022-05-06,165.0000,call,buy,2022-05-04T18:32:03.804997Z,debit,1.00000,limit,,short_call,0.65000000,1.00000
AAPL,2022-05-06,165.0000,call,sell,2022-05-03T14:36:32.865293Z,credit,1.00000,limit,short_call,,0.45000000,1.00000
HAL,2022-07-15,28.0000,put,sell,2022-04-18T17:31:57.486148Z,credit,1.00000,limit,,long_put,0.32000000,1.00000
AAPL,2022-06-17,190.0000,call,sell,2022-04-18T17:31:14.777474Z,debit,3.00000,limit,long_call_spread,,0.54000000,3.00000
AAPL,2022-06-17,185.0000,call,buy,2022-04-18T17:31:14.777474Z,debit,3.00000,limit,long_call_spread,,0.54000000,3.00000
AAPL,2022-06-17,145.0000,put,buy,2022-04-14T19:54:51.669540Z,credit,3.00000,limit,,long_put_spread,0.89000000,3.00000
AAPL,2022-06-17,150.0000,put,sell,2022-04-14T19:54:51.669540Z,credit,3.00000,limit,,long_put_spread,0.89000000,3.00000
AAPL,2022-06-17,145.0000,put,sell,2022-04-06T14:33:46.574412Z,debit,3.00000,limit,long_put_spread,,0.73000000,3.00000
AAPL,2022-06-17,150.0000,put,buy,2022-04-06T14:33:46.574412Z,debit,3.00000,limit,long_put_spread,,0.73000000,3.00000
AAPL,2022-09-16,165.0000,call,sell,2022-04-04T15:13:02.864859Z,credit,3.00000,limit,,long_call_spread,3.25000000,3.00000
AAPL,2022-09-16,170.0000,call,buy,2022-04-04T15:13:02.864859Z,credit,3.00000,limit,,long_call_spread,3.25000000,3.00000
TLRY,2022-05-20,12.0000,call,buy,2022-03-28T03:07:34.766382Z,debit,1.00000,limit,long_call,,1.00000000,1.00000
USL,2022-04-14,32.0000,put,buy,2022-03-21T17:26:43.675751Z,debit,2.00000,limit,long_put,,0.45000000,2.00000
WTI,2023-01-20,4.0000,put,sell,2022-03-21T14:38:18.341262Z,credit,2.00000,limit,,long_put,0.95000000,2.00000
BABA,2022-03-25,90.0000,put,buy,2022-03-17T15:37:34.786266Z,debit,2.00000,limit,long_put_spread,,0.95000000,2.00000
BABA,2022-03-25,86.0000,put,sell,2022-03-17T15:37:34.786266Z,debit,2.00000,limit,long_put_spread,,0.95000000,2.00000
HAL,2022-05-20,43.0000,call,sell,2022-03-15T22:41:24.184306Z,credit,1.00000,limit,,long_call,0.88000000,1.00000
WTI,2022-07-15,8.0000,call,sell,2022-03-15T22:41:11.156197Z,credit,5.00000,limit,,long_call,0.15000000,5.00000
AAPL,2022-04-14,135.0000,put,buy,2022-03-15T19:48:05.065620Z,debit,2.00000,limit,long_put_spread,,0.45000000,2.00000
AAPL,2022-04-14,130.0000,put,sell,2022-03-15T19:48:05.065620Z,debit,2.00000,limit,long_put_spread,,0.45000000,2.00000
AAPL,2022-09-16,165.0000,call,buy,2022-03-14T20:12:55.325168Z,debit,3.00000,limit,long_call_spread,,1.73000000,3.00000
AAPL,2022-09-16,170.0000,call,sell,2022-03-14T20:12:55.325168Z,debit,3.00000,limit,long_call_spread,,1.73000000,3.00000
PANW,2022-04-08,580.0000,call,sell,2022-03-14T15:52:00.125414Z,debit,1.00000,limit,,short_call_spread,1.00000000,1.00000
PANW,2022-04-08,575.0000,call,buy,2022-03-14T15:52:00.125414Z,debit,1.00000,limit,,short_call_spread,1.00000000,1.00000
HAL,2022-07-15,28.0000,put,buy,2022-03-08T18:09:36.870081Z,debit,1.00000,limit,long_put,,1.37000000,1.00000
HAL,2022-05-20,43.0000,call,buy,2022-03-08T18:09:22.115392Z,debit,1.00000,limit,long_call,,1.78000000,1.00000
WTI,2022-07-15,8.0000,call,buy,2022-03-04T20:25:29.093953Z,debit,5.00000,limit,long_call,,0.55000000,5.00000
WTI,2023-01-20,4.0000,put,buy,2022-03-04T19:37:37.949031Z,debit,2.00000,limit,long_put,,0.70000000,2.00000
PANW,2022-04-08,580.0000,call,sell,2022-03-04T19:34:27.480082Z,debit,1.00000,limit,,short_call_spread,2.15000000,1.00000
PANW,2022-04-08,575.0000,call,buy,2022-03-04T19:34:27.480082Z,debit,1.00000,limit,,short_call_spread,2.15000000,1.00000
PANW,2022-04-08,575.0000,call,sell,2022-03-01T18:49:44.988334Z,credit,2.00000,limit,short_call_spread,,2.75000000,2.00000
PANW,2022-04-08,580.0000,call,buy,2022-03-01T18:49:44.988334Z,credit,2.00000,limit,short_call_spread,,2.75000000,2.00000
ETSY,2022-03-18,90.0000,put,sell,2022-02-21T15:37:41.496921Z,credit,2.00000,limit,,long_put_spread,0.65000000,2.00000
ETSY,2022-03-18,85.0000,put,buy,2022-02-21T15:37:41.496921Z,credit,2.00000,limit,,long_put_spread,0.65000000,2.00000
SBUX,2022-02-18,98.0000,call,buy,2022-02-16T15:37:24.393050Z,debit,1.00000,limit,,short_call,0.05000000,1.00000
ASAN,2022-05-20,92.5000,call,buy,2022-02-15T20:53:44.762298Z,debit,3.00000,limit,long_call_spread,,0.60000000,3.00000
ASAN,2022-05-20,95.0000,call,sell,2022-02-15T20:53:44.762298Z,debit,3.00000,limit,long_call_spread,,0.60000000,3.00000
ASAN,2022-05-20,80.0000,call,sell,2022-02-15T20:52:33.753885Z,credit,4.00000,limit,,long_call_spread,1.60000000,4.00000
ASAN,2022-05-20,85.0000,call,buy,2022-02-15T20:52:33.753885Z,credit,4.00000,limit,,long_call_spread,1.60000000,4.00000
CFLT,2022-02-18,120.0000,call,sell,2022-02-10T20:53:15.123575Z,credit,3.00000,limit,,long_call,0.30000000,3.00000
ASAN,2022-05-20,85.0000,call,sell,2022-02-10T19:19:24.174316Z,debit,4.00000,limit,long_call_spread,,1.20000000,4.00000
ASAN,2022-05-20,80.0000,call,buy,2022-02-10T19:19:24.174316Z,debit,4.00000,limit,long_call_spread,,1.20000000,4.00000
SBUX,2022-02-18,98.0000,call,sell,2022-02-10T17:54:59.468151Z,credit,1.00000,limit,short_call,,0.67000000,1.00000
SBUX,2022-02-11,98.0000,call,buy,2022-02-10T16:44:27.487239Z,debit,1.00000,limit,,short_call,0.12000000,1.00000
AMD,2022-04-14,135.0000,call,buy,2022-02-10T16:35:46.293769Z,debit,2.00000,limit,long_call_spread,,1.80000000,2.00000
AMD,2022-04-14,140.0000,call,sell,2022-02-10T16:35:46.293769Z,debit,2.00000,limit,long_call_spread,,1.80000000,2.00000
SBUX,2022-02-11,98.0000,call,sell,2022-02-07T17:49:48.815474Z,credit,1.00000,limit,short_call,,0.36000000,1.00000
SBUX,2022-02-04,100.0000,call,buy,2022-02-03T15:42:22.485787Z,debit,1.00000,limit,,short_call,0.07000000,1.00000
SBUX,2022-02-04,100.0000,call,sell,2022-02-02T20:56:34.066968Z,credit,1.00000,limit,short_call,,0.34000000,1.00000
SBUX,2022-02-04,102.0000,call,buy,2022-02-02T20:54:58.539796Z,debit,1.00000,limit,,short_call,0.11000000,1.00000
AMD,2022-04-14,290.0000,call,sell,2022-02-02T20:53:01.788556Z,credit,4.00000,limit,,long_call,0.05000000,4.00000
SBUX,2022-02-04,102.0000,call,sell,2022-01-31T17:55:35.044239Z,credit,1.00000,limit,short_call,,0.73000000,1.00000
ETSY,2022-03-18,90.0000,put,buy,2022-01-25T20:52:35.824486Z,debit,2.00000,limit,long_put_spread,,0.47000000,2.00000
ETSY,2022-03-18,85.0000,put,sell,2022-01-25T20:52:35.824486Z,debit,2.00000,limit,long_put_spread,,0.47000000,2.00000
CFLT,2022-04-14,30.0000,put,sell,2022-01-25T17:26:28.487932Z,credit,1.00000,limit,,long_put,0.80000000,1.00000
SBUX,2022-01-28,101.0000,call,sell,2022-01-21T16:26:21.887699Z,credit,1.00000,limit,short_call,,0.68000000,1.00000
SBUX,2022-01-21,100.0000,call,buy,2022-01-21T16:25:41.074642Z,debit,1.00000,limit,,short_call,0.09000000,1.00000
CFLT,2022-04-14,30.0000,put,buy,2022-01-20T20:40:15.186920Z,debit,1.00000,limit,long_put,,0.65000000,1.00000
SBUX,2022-01-21,100.0000,call,sell,2022-01-20T19:35:28.060616Z,credit,1.00000,limit,short_call,,0.12000000,1.00000
SBUX,2022-01-21,102.0000,call,buy,2022-01-18T20:44:34.233312Z,debit,1.00000,limit,,short_call,0.18000000,1.00000
SBUX,2022-01-21,102.0000,call,sell,2022-01-14T16:24:23.525685Z,credit,1.00000,limit,short_call,,0.69000000,1.00000
SBUX,2022-01-21,106.0000,call,buy,2022-01-14T16:23:07.508305Z,debit,1.00000,limit,,short_call,0.14000000,1.00000
CFLT,2022-02-18,120.0000,call,buy,2022-01-13T17:49:27.874966Z,debit,3.00000,limit,long_call,,0.30000000,3.00000
SBUX,2022-01-21,106.0000,call,sell,2022-01-13T17:30:06.429841Z,credit,1.00000,limit,short_call,,0.53000000,1.00000
SBUX,2022-01-14,107.0000,call,buy,2022-01-13T17:29:11.888701Z,debit,1.00000,limit,,short_call,0.07000000,1.00000
SBUX,2022-01-14,107.0000,call,sell,2022-01-11T18:02:18.665991Z,credit,1.00000,limit,short_call,,0.46000000,1.00000
AMD,2022-04-14,290.0000,call,buy,2022-01-07T20:29:17.139538Z,debit,4.00000,limit,long_call,,0.22000000,4.00000
SBUX,2022-01-07,113.0000,call,buy,2022-01-07T15:57:54.204976Z,debit,1.00000,limit,,short_call,0.02000000,1.00000
SBUX,2022-01-07,113.0000,call,sell,2022-01-06T17:31:57.633357Z,credit,1.00000,limit,short_call,,0.24000000,1.00000
AMD,2022-03-18,220.0000,call,buy,2022-01-04T19:46:10.082357Z,debit,3.00000,limit,long_call,,1.00000000,3.00000
AMD,2022-01-07,137.0000,put,sell,2022-01-04T16:56:36.931683Z,credit,2.00000,limit,,long_put,1.40000000,2.00000
MSFT,2023-01-20,390.0000,call,buy,2021-12-14T16:32:44.583258Z,debit,1.00000,limit,long_call,,17.10000000,1.00000
AAPL,2022-01-21,190.0000,call,sell,2021-12-08T15:09:55.391895Z,debit,3.00000,limit,long_call_spread,,0.95000000,3.00000
